RowNumber,ProductID,ProductName,ProductPrice,ProductCategoryName
1,PR00001,Penggaris,456501,Alat Tulis
2,PR00002,Piyama,356519,Pakaian Pria
3,PR00003,Pulpen,140055,Alat Tulis
4,PR00004,Anting,96720,Aksesoris
5,PR00005,Cutter,483017,Alat Tulis
6,PR00006,Cutter,389729,Alat Tulis
7,PR00007,Cincin,104961,Aksesoris
8,PR00008,Jaket,431667,Pakaian Pria
9,PR00009,Tipe-X,281024,Alat Tulis
10,PR00010,Piyama,456327,Pakaian Pria
11,PR00011,Hoodie,158795,Pakaian Wanita
12,PR00012,Penggaris,276501,Alat Tulis
13,PR00013,Lem,497104,Alat Tulis
14,PR00014,Cutter,405093,Alat Tulis
15,PR00015,Kemeja,293728,Pakaian Pria
16,PR00016,Lem,33266,Alat Tulis
17,PR00017,Penghapus,442852,Alat Tulis
18,PR00018,Kemeja,304371,Pakaian Pria
19,PR00019,Gelang,499158,Aksesoris
20,PR00020,Latte,127272,Makanan dan Minuman
21,PR00021,Gelang,156944,Aksesoris
22,PR00022,Cutter,155433,Alat Tulis
23,PR00023,Laptop,14620,Elektronik
24,PR00024,Cincin,290740,Aksesoris
25,PR00025,Anting,124890,Aksesoris
26,PR00026,Penggaris,499957,Alat Tulis
27,PR00027,Jas,454865,Pakaian Pria
28,PR00028,Scrunchie,258168,Aksesoris
29,PR00029,Piyama,18095,Pakaian Pria
30,PR00030,Jaket,186547,Pakaian Pria
31,PR00031,Anting,57866,Aksesoris
32,PR00032,Krayon,40978,Alat Tulis
33,PR00033,Kaos,465036,Pakaian Pria
34,PR00034,Stapler,62051,Alat Tulis
35,PR00035,Pulpen,161149,Alat Tulis
36,PR00036,Ramyeon,74790,Makanan dan Minuman
37,PR00037,Stapler,203516,Alat Tulis
38,PR00038,Kaos,449586,Pakaian Pria
39,PR00039,Stapler,322267,Alat Tulis
40,PR00040,Kaos,275854,Pakaian Wanita
41,PR00041,Kardigan,221134,Pakaian Wanita
42,PR00042,Cincin,260335,Aksesoris
43,PR00043,Lem,60165,Alat Tulis
44,PR00044,Indomie,433568,Makanan dan Minuman
45,PR00045,Pulpen,356393,Alat Tulis
46,PR00046,Kalung,19485,Aksesoris
47,PR00047,Gelang,292224,Aksesoris
48,PR00048,Cutter,238106,Alat Tulis
49,PR00049,Bando,340956,Aksesoris
50,PR00050,Scrunchie,273229,Aksesoris
51,PR00051,Pensil warna,416817,Alat Tulis
52,PR00052,Cutter,41332,Alat Tulis
53,PR00053,Krayon,479604,Alat Tulis
54,PR00054,Hoodie,226722,Pakaian Pria
55,PR00055,Pensil,245799,Alat Tulis
56,PR00056,Tipe-X,329005,Alat Tulis
57,PR00057,Latte,362005,Makanan dan Minuman
58,PR00058,Penggaris,434374,Alat Tulis
59,PR00059,Kardigan,115475,Pakaian Wanita
60,PR00060,Pulpen,94387,Alat Tulis
61,PR00061,Tipe-X,13192,Alat Tulis
62,PR00062,Kalung,271653,Aksesoris
63,PR00063,Piyama,126375,Pakaian Wanita
64,PR00064,Bando,285914,Aksesoris
65,PR00065,Penghapus,241519,Alat Tulis
66,PR00066,Penghapus,24144,Alat Tulis
67,PR00067,Crop Top,268859,Pakaian Wanita
68,PR00068,Scrunchie,341143,Aksesoris
69,PR00069,Pensil warna,452540,Alat Tulis
70,PR00070,Jaket,450337,Pakaian Pria
71,PR00071,Jas,357683,Pakaian Pria
72,PR00072,Cutter,20837,Alat Tulis
73,PR00073,Krayon,253747,Alat Tulis
74,PR00074,Bando,147546,Aksesoris
75,PR00075,Penggaris,85893,Alat Tulis
76,PR00076,Gelang,283532,Aksesoris
77,PR00077,Piyama,155464,Pakaian Pria
78,PR00078,Anting,134228,Aksesoris
79,PR00079,Kalung,56795,Aksesoris
80,PR00080,Pulpen,15623,Alat Tulis
81,PR00081,Stapler,207530,Alat Tulis
82,PR00082,Pulpen,227843,Alat Tulis
83,PR00083,Pensil,357915,Alat Tulis
84,PR00084,Lem,91265,Alat Tulis
85,PR00085,Hoodie,189489,Pakaian Wanita
86,PR00086,Anting,108926,Aksesoris
87,PR00087,Lem,21656,Alat Tulis
88,PR00088,Bando,366529,Aksesoris
89,PR00089,Cincin,203483,Aksesoris
90,PR00090,Lem,177224,Alat Tulis
91,PR00091,Lem,391374,Alat Tulis
92,PR00092,Penggaris,400574,Alat Tulis
93,PR00093,Bando,294012,Aksesoris
94,PR00094,Ular Tangga,173855,Mainan
95,PR00095,Kalung,484841,Aksesoris
96,PR00096,Krayon,459255,Alat Tulis
97,PR00097,Scrunchie,499365,Aksesoris
98,PR00098,Tipe-X,70889,Alat Tulis
99,PR00099,Stapler,374426,Alat Tulis
100,PR00100,iPhone,245901,Elektronik
101,PR00101,Stapler,23264,Alat Tulis
102,PR00102,Lem,174401,Alat Tulis
103,PR00103,Anting,349687,Aksesoris
104,PR00104,Cincin,291747,Aksesoris
105,PR00105,Anting,318817,Aksesoris
106,PR00106,Anting,281751,Aksesoris
107,PR00107,Kalung,248210,Aksesoris
108,PR00108,Tipe-X,46397,Alat Tulis
109,PR00109,Lem,125016,Alat Tulis
110,PR00110,Piyama,480136,Pakaian Pria
111,PR00111,Bando,399701,Aksesoris
112,PR00112,Anting,426734,Aksesoris
113,PR00113,Dress,445540,Pakaian Wanita
114,PR00114,Krayon,214734,Alat Tulis
115,PR00115,Lem,291282,Alat Tulis
116,PR00116,Penggaris,79754,Alat Tulis
117,PR00117,Scrunchie,256122,Aksesoris
118,PR00118,Stapler,91208,Alat Tulis
119,PR00119,Krayon,180215,Alat Tulis
120,PR00120,Pensil warna,149971,Alat Tulis
121,PR00121,Gembot,22900,Mainan
122,PR00122,Piyama,129199,Pakaian Pria
123,PR00123,Jaket,168208,Pakaian Pria
124,PR00124,Jaket,202335,Pakaian Pria
125,PR00125,Penghapus,365405,Alat Tulis
126,PR00126,Penggaris,173403,Alat Tulis
127,PR00127,Kaos,443415,Pakaian Wanita
128,PR00128,Krayon,165061,Alat Tulis
129,PR00129,Pulpen,176654,Alat Tulis
130,PR00130,Pulpen,38246,Alat Tulis
131,PR00131,Krayon,169479,Alat Tulis
132,PR00132,Kaos,453656,Pakaian Pria
133,PR00133,Tipe-X,176984,Alat Tulis
134,PR00134,Gelang,173795,Aksesoris
135,PR00135,Penghapus,343436,Alat Tulis
136,PR00136,Bando,279145,Aksesoris
137,PR00137,Penghapus,79165,Alat Tulis
138,PR00138,T-shirt,189955,Pakaian Pria
139,PR00139,Kalung,131860,Aksesoris
140,PR00140,Kardigan,422940,Pakaian Wanita
141,PR00141,Tipe-X,487378,Alat Tulis
142,PR00142,Stapler,321964,Alat Tulis
143,PR00143,Pulpen,50713,Alat Tulis
144,PR00144,Cutter,195553,Alat Tulis
145,PR00145,Pulpen,115291,Alat Tulis
146,PR00146,Pensil,447431,Alat Tulis
147,PR00147,Penggaris,378675,Alat Tulis
148,PR00148,Lem,86185,Alat Tulis
149,PR00149,Hoodie,302844,Pakaian Pria
150,PR00150,Cincin,423599,Aksesoris
151,PR00151,Pulpen,64709,Alat Tulis
152,PR00152,Penggaris,445416,Alat Tulis
153,PR00153,Piyama,89748,Pakaian Pria
154,PR00154,Krayon,152424,Alat Tulis
155,PR00155,Kardigan,428946,Pakaian Wanita
156,PR00156,Pensil,54285,Alat Tulis
157,PR00157,Samsung,491044,Elektronik
158,PR00158,Dress,120212,Pakaian Wanita
159,PR00159,Gelang,357159,Aksesoris
160,PR00160,Gelang,122081,Aksesoris
161,PR00161,Penggaris,164991,Alat Tulis
162,PR00162,Pensil,196278,Alat Tulis
163,PR00163,Kalung,189458,Aksesoris
164,PR00164,Penggaris,186297,Alat Tulis
165,PR00165,Bando,123283,Aksesoris
166,PR00166,Krayon,300376,Alat Tulis
167,PR00167,Pulpen,25909,Alat Tulis
168,PR00168,Scrunchie,207572,Aksesoris
169,PR00169,T-shirt,344820,Pakaian Wanita
170,PR00170,Tipe-X,392011,Alat Tulis
171,PR00171,Gelang,106229,Aksesoris
172,PR00172,Stapler,76597,Alat Tulis
173,PR00173,Kwetiau Goreng,456779,Makanan dan Minuman
174,PR00174,Pensil,260864,Alat Tulis
175,PR00175,Kemeja,487521,Pakaian Pria
176,PR00176,Piyama,263566,Pakaian Wanita
177,PR00177,Pensil warna,134132,Alat Tulis
178,PR00178,Lem,208948,Alat Tulis
179,PR00179,Oppo,267953,Elektronik
180,PR00180,Penggaris,57593,Alat Tulis
181,PR00181,Pensil warna,48256,Alat Tulis
182,PR00182,Penggaris,239957,Alat Tulis
183,PR00183,Pensil,381002,Alat Tulis
184,PR00184,Stapler,54336,Alat Tulis
185,PR00185,Anting,116023,Aksesoris
186,PR00186,Cincin,232432,Aksesoris
187,PR00187,Macbook,387244,Elektronik
188,PR00188,Anting,453534,Aksesoris
189,PR00189,Pulpen,268149,Alat Tulis
190,PR00190,Gelang,440923,Aksesoris
191,PR00191,Penggaris,391831,Alat Tulis
192,PR00192,Krayon,243540,Alat Tulis
193,PR00193,Piyama,68655,Pakaian Pria
194,PR00194,Krayon,229580,Alat Tulis
195,PR00195,Tipe-X,470016,Alat Tulis
196,PR00196,Cincin,153546,Aksesoris
197,PR00197,Pensil warna,251913,Alat Tulis
198,PR00198,Pensil,359541,Alat Tulis
199,PR00199,Pulpen,126303,Alat Tulis
200,PR00200,Bando,82363,Aksesoris
201,PR00201,Pensil,164559,Alat Tulis
202,PR00202,Penggaris,279995,Alat Tulis
203,PR00203,Pulpen,357509,Alat Tulis
204,PR00204,Penghapus,339452,Alat Tulis
205,PR00205,Pensil,242666,Alat Tulis
206,PR00206,Penggaris,14442,Alat Tulis
207,PR00207,TV,289895,Elektronik
208,PR00208,Cutter,395694,Alat Tulis
209,PR00209,T-shirt,440851,Pakaian Wanita
210,PR00210,Pulpen,393866,Alat Tulis
211,PR00211,Hoodie,450190,Pakaian Pria
212,PR00212,Scrunchie,277179,Aksesoris
213,PR00213,Kalung,376882,Aksesoris
214,PR00214,Pulpen,379352,Alat Tulis
215,PR00215,Bando,88538,Aksesoris
216,PR00216,Penggaris,476684,Alat Tulis
217,PR00217,Penggaris,154269,Alat Tulis
218,PR00218,Penggaris,232685,Alat Tulis
219,PR00219,Laptop,383486,Elektronik
220,PR00220,Jas,187124,Pakaian Pria
221,PR00221,Jaket,248585,Pakaian Pria
222,PR00222,Pensil warna,467936,Alat Tulis
223,PR00223,Kulkas,82099,Elektronik
224,PR00224,Bando,471204,Aksesoris
225,PR00225,Penghapus,428624,Alat Tulis
226,PR00226,Hoodie,315387,Pakaian Wanita
227,PR00227,Pensil,378786,Alat Tulis
228,PR00228,Krayon,291737,Alat Tulis
229,PR00229,Kopi,356256,Makanan dan Minuman
230,PR00230,Cincin,392401,Aksesoris
231,PR00231,Stapler,255044,Alat Tulis
232,PR00232,Stapler,470211,Alat Tulis
233,PR00233,Penghapus,262463,Alat Tulis
234,PR00234,Jaket,431556,Pakaian Pria
235,PR00235,Penghapus,84205,Alat Tulis
236,PR00236,Penghapus,355551,Alat Tulis
237,PR00237,Lem,91780,Alat Tulis
238,PR00238,Jas,282003,Pakaian Pria
239,PR00239,Penggaris,308522,Alat Tulis
240,PR00240,Krayon,373393,Alat Tulis
241,PR00241,Pulpen,184476,Alat Tulis
242,PR00242,iPad,455019,Elektronik
243,PR00243,Anting,74652,Aksesoris
244,PR00244,Penghapus,393962,Alat Tulis
245,PR00245,Stapler,452298,Alat Tulis
246,PR00246,iPad,130628,Elektronik
247,PR00247,Pulpen,97651,Alat Tulis
248,PR00248,Penggaris,108287,Alat Tulis
249,PR00249,Lem,255434,Alat Tulis
250,PR00250,Samsung,26543,Elektronik
251,PR00251,Stapler,310614,Alat Tulis
252,PR00252,Gelang,263507,Aksesoris
253,PR00253,Penghapus,374361,Alat Tulis
254,PR00254,Smart Watch,129486,Elektronik
255,PR00255,Pensil,456809,Alat Tulis
256,PR00256,Lem,147539,Alat Tulis
257,PR00257,Cutter,290503,Alat Tulis
258,PR00258,T-shirt,136838,Pakaian Pria
259,PR00259,Pensil warna,277682,Alat Tulis
260,PR00260,Krayon,331526,Alat Tulis
261,PR00261,Kalung,401969,Aksesoris
262,PR00262,Bando,285756,Aksesoris
263,PR00263,Penghapus,296756,Alat Tulis
264,PR00264,Stapler,12245,Alat Tulis
265,PR00265,Penggaris,176904,Alat Tulis
266,PR00266,Krayon,460232,Alat Tulis
267,PR00267,Krayon,20911,Alat Tulis
268,PR00268,Lem,390263,Alat Tulis
269,PR00269,Stapler,32598,Alat Tulis
270,PR00270,TV,106778,Elektronik
271,PR00271,Anting,29979,Aksesoris
272,PR00272,Anting,388998,Aksesoris
273,PR00273,Kalung,11478,Aksesoris
274,PR00274,Penggaris,298835,Alat Tulis
275,PR00275,Cincin,408208,Aksesoris
276,PR00276,Penghapus,434623,Alat Tulis
277,PR00277,Hoodie,97545,Pakaian Wanita
278,PR00278,Pulpen,489337,Alat Tulis
279,PR00279,Pulpen,394524,Alat Tulis
280,PR00280,Kemeja,198417,Pakaian Pria
281,PR00281,Kalung,426865,Aksesoris
282,PR00282,T-shirt,280232,Pakaian Pria
283,PR00283,Pensil,310376,Alat Tulis
284,PR00284,Stapler,129694,Alat Tulis
285,PR00285,Kue Kering,351722,Makanan dan Minuman
286,PR00286,Gelang,412586,Aksesoris
287,PR00287,Bando,216924,Aksesoris
288,PR00288,Cutter,70687,Alat Tulis
289,PR00289,Jaket,243388,Pakaian Pria
290,PR00290,Smart Watch,425879,Elektronik
291,PR00291,T-shirt,451250,Pakaian Pria
292,PR00292,Penghapus,161614,Alat Tulis
293,PR00293,Kaos,418561,Pakaian Pria
294,PR00294,Pulpen,276854,Alat Tulis
295,PR00295,T-shirt,265117,Pakaian Pria
296,PR00296,Tipe-X,136172,Alat Tulis
297,PR00297,T-shirt,436003,Pakaian Pria
298,PR00298,Gelang,497984,Aksesoris
299,PR00299,Pulpen,22465,Alat Tulis
300,PR00300,Kalung,209763,Aksesoris
301,PR00301,Penggaris,349284,Alat Tulis
302,PR00302,Piyama,397226,Pakaian Pria
303,PR00303,Bando,211650,Aksesoris
304,PR00304,Jaket,178165,Pakaian Wanita
305,PR00305,Cutter,205538,Alat Tulis
306,PR00306,Lem,94410,Alat Tulis
307,PR00307,Ular Tangga,465608,Mainan
308,PR00308,Pulpen,233541,Alat Tulis
309,PR00309,Tipe-X,247851,Alat Tulis
310,PR00310,Lem,427576,Alat Tulis
311,PR00311,Stapler,452491,Alat Tulis
312,PR00312,Stapler,60620,Alat Tulis
313,PR00313,Kalung,59920,Aksesoris
314,PR00314,Penggaris,495140,Alat Tulis
315,PR00315,Kalung,282239,Aksesoris
316,PR00316,Kemeja,326061,Pakaian Pria
317,PR00317,Pensil warna,273766,Alat Tulis
318,PR00318,Piyama,167741,Pakaian Pria
319,PR00319,Scrunchie,469802,Aksesoris
320,PR00320,Penghapus,191229,Alat Tulis
321,PR00321,Penghapus,178864,Alat Tulis
322,PR00322,Indomie,98613,Makanan dan Minuman
323,PR00323,Lem,184855,Alat Tulis
324,PR00324,T-shirt,464840,Pakaian Pria
325,PR00325,Scrunchie,462102,Aksesoris
326,PR00326,Kalung,306133,Aksesoris
327,PR00327,Kursi,337058,Perabotan Rumah Tangga
328,PR00328,Penghapus,498341,Alat Tulis
329,PR00329,Bando,72128,Aksesoris
330,PR00330,Gelang,384664,Aksesoris
331,PR00331,Gelang,383842,Aksesoris
332,PR00332,Pulpen,388463,Alat Tulis
333,PR00333,Hoodie,419842,Pakaian Pria
334,PR00334,Kaos,179637,Pakaian Pria
335,PR00335,Pensil warna,199277,Alat Tulis
336,PR00336,Pulpen,308339,Alat Tulis
337,PR00337,Tipe-X,228674,Alat Tulis
338,PR00338,Pulpen,379293,Alat Tulis
339,PR00339,Cutter,41445,Alat Tulis
340,PR00340,Bando,199240,Aksesoris
341,PR00341,Krayon,419095,Alat Tulis
342,PR00342,Cincin,244216,Aksesoris
343,PR00343,Kalung,283838,Aksesoris
344,PR00344,Scrunchie,31336,Aksesoris
345,PR00345,Komputer,123293,Elektronik
346,PR00346,Jas,10804,Pakaian Pria
347,PR00347,Pensil,269456,Alat Tulis
348,PR00348,Kardigan,265876,Pakaian Wanita
349,PR00349,Penghapus,456438,Alat Tulis
350,PR00350,Cookie,94163,Makanan dan Minuman
351,PR00351,Cutter,316488,Alat Tulis
352,PR00352,Kardigan,293963,Pakaian Wanita
353,PR00353,Pensil warna,374603,Alat Tulis
354,PR00354,Kemeja,460446,Pakaian Pria
355,PR00355,Penghapus,320635,Alat Tulis
356,PR00356,Penggaris,315751,Alat Tulis
357,PR00357,Scrunchie,269346,Aksesoris
358,PR00358,Tipe-X,126612,Alat Tulis
359,PR00359,Pensil,100427,Alat Tulis
360,PR00360,Cutter,430201,Alat Tulis
361,PR00361,Penghapus,370684,Alat Tulis
362,PR00362,Penggaris,140100,Alat Tulis
363,PR00363,Gelang,358322,Aksesoris
364,PR00364,Cutter,353888,Alat Tulis
365,PR00365,Stapler,489744,Alat Tulis
366,PR00366,Penghapus,174940,Alat Tulis
367,PR00367,Kalung,203841,Aksesoris
368,PR00368,Tipe-X,220874,Alat Tulis
369,PR00369,Gelang,345307,Aksesoris
370,PR00370,Lem,237635,Alat Tulis
371,PR00371,Stapler,256118,Alat Tulis
372,PR00372,Penghapus,385453,Alat Tulis
373,PR00373,Piyama,378516,Pakaian Pria
374,PR00374,Kaos,297509,Pakaian Pria
375,PR00375,Tipe-X,493598,Alat Tulis
376,PR00376,Bando,249873,Aksesoris
377,PR00377,Krayon,228090,Alat Tulis
378,PR00378,Pensil,430902,Alat Tulis
379,PR00379,Kursi malas,34086,Perabotan Rumah Tangga
380,PR00380,Scrunchie,104714,Aksesoris
381,PR00381,Penghapus,329777,Alat Tulis
382,PR00382,Stapler,224938,Alat Tulis
383,PR00383,Scrunchie,361306,Aksesoris
384,PR00384,Jas,259973,Pakaian Pria
385,PR00385,Scrunchie,344493,Aksesoris
386,PR00386,Cutter,28307,Alat Tulis
387,PR00387,Krayon,351051,Alat Tulis
388,PR00388,Lem,50955,Alat Tulis
389,PR00389,Pulpen,120646,Alat Tulis
390,PR00390,Gelang,405381,Aksesoris
391,PR00391,Pulpen,67229,Alat Tulis
392,PR00392,Kalung,488471,Aksesoris
393,PR00393,Jas,152063,Pakaian Pria
394,PR00394,Krayon,451123,Alat Tulis
395,PR00395,Lem,209490,Alat Tulis
396,PR00396,Pensil,478925,Alat Tulis
397,PR00397,Hoodie,68695,Pakaian Pria
398,PR00398,Penggaris,419774,Alat Tulis
399,PR00399,Jas,69266,Pakaian Pria
400,PR00400,Pulpen,332096,Alat Tulis
401,PR00401,Lem,139907,Alat Tulis
402,PR00402,Cincin,491582,Aksesoris
403,PR00403,Lem,385194,Alat Tulis
404,PR00404,Kalung,354719,Aksesoris
405,PR00405,Lem,237514,Alat Tulis
406,PR00406,Anting,278489,Aksesoris
407,PR00407,Gelang,11749,Aksesoris
408,PR00408,Pensil warna,365272,Alat Tulis
409,PR00409,Cutter,242141,Alat Tulis
410,PR00410,Tipe-X,408558,Alat Tulis
411,PR00411,Laptop,184793,Elektronik
412,PR00412,Stapler,49644,Alat Tulis
413,PR00413,Stapler,332146,Alat Tulis
414,PR00414,Pensil warna,398692,Alat Tulis
415,PR00415,Jas,277642,Pakaian Pria
416,PR00416,T-shirt,143486,Pakaian Pria
417,PR00417,Smart Watch,179965,Elektronik
418,PR00418,Anting,136118,Aksesoris
419,PR00419,T-shirt,422676,Pakaian Pria
420,PR00420,Penggaris,36139,Alat Tulis
421,PR00421,Jas,89509,Pakaian Pria
422,PR00422,Tipe-X,209351,Alat Tulis
423,PR00423,Pensil,486698,Alat Tulis
424,PR00424,Lem,20337,Alat Tulis
425,PR00425,iPhone,74536,Elektronik
426,PR00426,Kulkas,160110,Elektronik
427,PR00427,Pensil warna,213162,Alat Tulis
428,PR00428,Pensil,473023,Alat Tulis
429,PR00429,Bando,250810,Aksesoris
430,PR00430,Bando,361105,Aksesoris
431,PR00431,Cutter,91337,Alat Tulis
432,PR00432,Pensil,494663,Alat Tulis
433,PR00433,Penghapus,438196,Alat Tulis
434,PR00434,Stapler,85017,Alat Tulis
435,PR00435,Jas,342525,Pakaian Pria
436,PR00436,Lem,453940,Alat Tulis
437,PR00437,Kalung,116769,Aksesoris
438,PR00438,Gelang,140220,Aksesoris
439,PR00439,Lem,290709,Alat Tulis
440,PR00440,Lemari,172033,Perabotan Rumah Tangga
441,PR00441,Cincin,335556,Aksesoris
442,PR00442,Pensil,385019,Alat Tulis
443,PR00443,Bando,437670,Aksesoris
444,PR00444,Pensil warna,294101,Alat Tulis
445,PR00445,Cincin,200171,Aksesoris
446,PR00446,Penghapus,20239,Alat Tulis
447,PR00447,Kardigan,185624,Pakaian Wanita
448,PR00448,Kemeja,228993,Pakaian Pria
449,PR00449,Piyama,369590,Pakaian Pria
450,PR00450,Tipe-X,443724,Alat Tulis
451,PR00451,Krayon,337456,Alat Tulis
452,PR00452,Cincin,46281,Aksesoris
453,PR00453,Pensil warna,282571,Alat Tulis
454,PR00454,Penggaris,358361,Alat Tulis
455,PR00455,Gelang,81507,Aksesoris
456,PR00456,Dress,46960,Pakaian Wanita
457,PR00457,Krayon,290528,Alat Tulis
458,PR00458,Pensil warna,336011,Alat Tulis
459,PR00459,Cincin,329765,Aksesoris
460,PR00460,Scrunchie,275323,Aksesoris
461,PR00461,Penggaris,328370,Alat Tulis
462,PR00462,Pensil,364848,Alat Tulis
463,PR00463,Hoodie,337877,Pakaian Wanita
464,PR00464,Cincin,44744,Aksesoris
465,PR00465,Bando,493441,Aksesoris
466,PR00466,Bando,458302,Aksesoris
467,PR00467,Lem,390784,Alat Tulis
468,PR00468,Tipe-X,83524,Alat Tulis
469,PR00469,Lemari,310841,Perabotan Rumah Tangga
470,PR00470,Cutter,452131,Alat Tulis
471,PR00471,Anting,418744,Aksesoris
472,PR00472,Jaket,468840,Pakaian Pria
473,PR00473,Penghapus,303959,Alat Tulis
474,PR00474,Pensil warna,276308,Alat Tulis
475,PR00475,Piyama,195464,Pakaian Pria
476,PR00476,Penggaris,195585,Alat Tulis
477,PR00477,Penggaris,215188,Alat Tulis
478,PR00478,Lem,263988,Alat Tulis
479,PR00479,Gelang,420590,Aksesoris
480,PR00480,Tipe-X,412399,Alat Tulis
481,PR00481,Hoodie,391798,Pakaian Pria
482,PR00482,T-shirt,107807,Pakaian Pria
483,PR00483,Cutter,17415,Alat Tulis
484,PR00484,Halma,315633,Mainan
485,PR00485,Scrunchie,135200,Aksesoris
486,PR00486,Anting,445370,Aksesoris
487,PR00487,Stapler,67650,Alat Tulis
488,PR00488,Anting,141324,Aksesoris
489,PR00489,Cincin,192464,Aksesoris
490,PR00490,Scrunchie,472306,Aksesoris
491,PR00491,Bando,424666,Aksesoris
492,PR00492,Bando,267315,Aksesoris
493,PR00493,T-shirt,185146,Pakaian Wanita
494,PR00494,Bando,168322,Aksesoris
495,PR00495,Bando,203848,Aksesoris
496,PR00496,Lem,488670,Alat Tulis
497,PR00497,Pensil,105563,Alat Tulis
498,PR00498,Pensil,488394,Alat Tulis
499,PR00499,Jaket,492303,Pakaian Wanita
500,PR00500,Cincin,288588,Aksesoris
501,PR00501,Penggaris,138119,Alat Tulis
502,PR00502,Anting,115242,Aksesoris
503,PR00503,Pulpen,262780,Alat Tulis
504,PR00504,Lem,160608,Alat Tulis
505,PR00505,Jaket,149036,Pakaian Pria
506,PR00506,Cutter,355911,Alat Tulis
507,PR00507,Tipe-X,206365,Alat Tulis
508,PR00508,Scrunchie,23462,Aksesoris
509,PR00509,Penghapus,362494,Alat Tulis
510,PR00510,Piyama,396412,Pakaian Pria
511,PR00511,Stapler,493205,Alat Tulis
512,PR00512,Pulpen,416239,Alat Tulis
513,PR00513,Pensil,424333,Alat Tulis
514,PR00514,Scrunchie,276298,Aksesoris
515,PR00515,Kaos,71518,Pakaian Wanita
516,PR00516,Kalung,140435,Aksesoris
517,PR00517,Tipe-X,383975,Alat Tulis
518,PR00518,Piyama,215106,Pakaian Wanita
519,PR00519,Penghapus,371727,Alat Tulis
520,PR00520,T-shirt,133490,Pakaian Pria
521,PR00521,T-shirt,373052,Pakaian Pria
522,PR00522,Pensil,474778,Alat Tulis
523,PR00523,Pensil warna,50625,Alat Tulis
524,PR00524,Anting,234761,Aksesoris
525,PR00525,Bando,90203,Aksesoris
526,PR00526,Cutter,424415,Alat Tulis
527,PR00527,Cutter,290241,Alat Tulis
528,PR00528,Gelang,476108,Aksesoris
529,PR00529,Kemeja,454177,Pakaian Pria
530,PR00530,Pensil,276818,Alat Tulis
531,PR00531,Pensil,57297,Alat Tulis
532,PR00532,Piyama,287485,Pakaian Wanita
533,PR00533,Pensil,119414,Alat Tulis
534,PR00534,Cincin,404389,Aksesoris
535,PR00535,Krayon,144715,Alat Tulis
536,PR00536,Lem,453400,Alat Tulis
537,PR00537,Piyama,192220,Pakaian Pria
538,PR00538,T-shirt,134108,Pakaian Wanita
539,PR00539,Anting,311640,Aksesoris
540,PR00540,Susu,351246,Makanan dan Minuman
541,PR00541,Gelang,258794,Aksesoris
542,PR00542,Pulpen,76365,Alat Tulis
543,PR00543,Anting,238000,Aksesoris
544,PR00544,Krayon,248445,Alat Tulis
545,PR00545,Stapler,187152,Alat Tulis
546,PR00546,Cutter,105232,Alat Tulis
547,PR00547,Krayon,485546,Alat Tulis
548,PR00548,Pensil warna,74991,Alat Tulis
549,PR00549,Anting,16188,Aksesoris
550,PR00550,Anting,453336,Aksesoris
551,PR00551,Stapler,250606,Alat Tulis
552,PR00552,Penghapus,426365,Alat Tulis
553,PR00553,Jaket,259977,Pakaian Pria
554,PR00554,Pulpen,219468,Alat Tulis
555,PR00555,Oppo,288402,Elektronik
556,PR00556,T-shirt,403609,Pakaian Pria
557,PR00557,Jaket,155576,Pakaian Wanita
558,PR00558,T-shirt,255605,Pakaian Pria
559,PR00559,Lem,300336,Alat Tulis
560,PR00560,Kalung,270740,Aksesoris
561,PR00561,Pensil,64493,Alat Tulis
562,PR00562,Anting,143745,Aksesoris
563,PR00563,Krayon,491521,Alat Tulis
564,PR00564,Cincin,267281,Aksesoris
565,PR00565,Cutter,494196,Alat Tulis
566,PR00566,Bando,221106,Aksesoris
567,PR00567,Penggaris,440415,Alat Tulis
568,PR00568,Penghapus,52935,Alat Tulis
569,PR00569,Pensil warna,316322,Alat Tulis
570,PR00570,T-shirt,30845,Pakaian Wanita
571,PR00571,Penghapus,475516,Alat Tulis
572,PR00572,Piyama,128911,Pakaian Wanita
573,PR00573,Hoodie,209325,Pakaian Pria
574,PR00574,Tipe-X,175329,Alat Tulis
575,PR00575,Penggaris,491586,Alat Tulis
576,PR00576,Penggaris,294803,Alat Tulis
577,PR00577,Anting,221173,Aksesoris
578,PR00578,Pensil warna,48168,Alat Tulis
579,PR00579,Stapler,458027,Alat Tulis
580,PR00580,Penggaris,293465,Alat Tulis
581,PR00581,Piyama,399737,Pakaian Wanita
582,PR00582,Gelang,212695,Aksesoris
583,PR00583,Stapler,42923,Alat Tulis
584,PR00584,Hoodie,276083,Pakaian Wanita
585,PR00585,Scrunchie,268921,Aksesoris
586,PR00586,Pensil warna,326115,Alat Tulis
587,PR00587,Gelang,94042,Aksesoris
588,PR00588,Macbook,36064,Elektronik
589,PR00589,Kalung,491478,Aksesoris
590,PR00590,Cincin,488682,Aksesoris
591,PR00591,Cincin,497496,Aksesoris
592,PR00592,Pulpen,70049,Alat Tulis
593,PR00593,Kalung,481130,Aksesoris
594,PR00594,Anting,247396,Aksesoris
595,PR00595,Tipe-X,344349,Alat Tulis
596,PR00596,Anting,285745,Aksesoris
597,PR00597,Lem,78981,Alat Tulis
598,PR00598,Pensil,47870,Alat Tulis
599,PR00599,Anting,428961,Aksesoris
600,PR00600,Hoodie,298935,Pakaian Pria
601,PR00601,Penggaris,56377,Alat Tulis
602,PR00602,Bando,357234,Aksesoris
603,PR00603,Penghapus,208769,Alat Tulis
604,PR00604,Krayon,99869,Alat Tulis
605,PR00605,Lemari,135192,Perabotan Rumah Tangga
606,PR00606,Cutter,293072,Alat Tulis
607,PR00607,Kalung,333563,Aksesoris
608,PR00608,Lem,433174,Alat Tulis
609,PR00609,Pensil,63492,Alat Tulis
610,PR00610,Gelang,429782,Aksesoris
611,PR00611,Hoodie,484476,Pakaian Pria
612,PR00612,Kaos,244622,Pakaian Pria
613,PR00613,Pensil,495387,Alat Tulis
614,PR00614,Jas,372040,Pakaian Pria
615,PR00615,Penghapus,318139,Alat Tulis
616,PR00616,Anting,236803,Aksesoris
617,PR00617,Tipe-X,470682,Alat Tulis
618,PR00618,Bando,272620,Aksesoris
619,PR00619,Krayon,134104,Alat Tulis
620,PR00620,Pensil warna,357878,Alat Tulis
621,PR00621,Penggaris,323180,Alat Tulis
622,PR00622,Kalung,80577,Aksesoris
623,PR00623,Oppo,415953,Elektronik
624,PR00624,Anting,103685,Aksesoris
625,PR00625,Lem,397709,Alat Tulis
626,PR00626,Pensil,421493,Alat Tulis
627,PR00627,Anting,469164,Aksesoris
628,PR00628,Kalung,438964,Aksesoris
629,PR00629,Bando,228710,Aksesoris
630,PR00630,Scrunchie,476444,Aksesoris
631,PR00631,Scrunchie,59178,Aksesoris
632,PR00632,Cutter,51890,Alat Tulis
633,PR00633,Anting,380708,Aksesoris
634,PR00634,Pensil warna,470082,Alat Tulis
635,PR00635,Anting,83302,Aksesoris
636,PR00636,Bando,316291,Aksesoris
637,PR00637,Penghapus,38823,Alat Tulis
638,PR00638,Anting,283374,Aksesoris
639,PR00639,Stapler,418445,Alat Tulis
640,PR00640,Bando,245378,Aksesoris
641,PR00641,Tipe-X,51221,Alat Tulis
642,PR00642,Cincin,325756,Aksesoris
643,PR00643,Lem,270966,Alat Tulis
644,PR00644,T-shirt,14512,Pakaian Pria
645,PR00645,Lem,454488,Alat Tulis
646,PR00646,Piyama,119695,Pakaian Pria
647,PR00647,Pensil warna,272839,Alat Tulis
648,PR00648,Pulpen,384361,Alat Tulis
649,PR00649,Lem,218275,Alat Tulis
650,PR00650,Tipe-X,468644,Alat Tulis
651,PR00651,Kemeja,163227,Pakaian Pria
652,PR00652,Stapler,255470,Alat Tulis
653,PR00653,Penggaris,450012,Alat Tulis
654,PR00654,Tipe-X,304554,Alat Tulis
655,PR00655,Penggaris,345255,Alat Tulis
656,PR00656,Stapler,277244,Alat Tulis
657,PR00657,Cincin,96196,Aksesoris
658,PR00658,Lem,67361,Alat Tulis
659,PR00659,Jas,270748,Pakaian Pria
660,PR00660,Penghapus,457168,Alat Tulis
661,PR00661,Tipe-X,255745,Alat Tulis
662,PR00662,Pensil,114068,Alat Tulis
663,PR00663,Gelang,195573,Aksesoris
664,PR00664,Penghapus,30547,Alat Tulis
665,PR00665,Ular Tangga,37292,Mainan
666,PR00666,Anting,359138,Aksesoris
667,PR00667,Gelang,164688,Aksesoris
668,PR00668,Crop Top,299540,Pakaian Wanita
669,PR00669,Jas,53050,Pakaian Pria
670,PR00670,Tipe-X,151572,Alat Tulis
671,PR00671,T-shirt,431273,Pakaian Pria
672,PR00672,Cincin,42017,Aksesoris
673,PR00673,Bando,270580,Aksesoris
674,PR00674,Jas,408413,Pakaian Pria
675,PR00675,Cutter,472452,Alat Tulis
676,PR00676,Lem,271676,Alat Tulis
677,PR00677,Penggaris,282511,Alat Tulis
678,PR00678,Stapler,142294,Alat Tulis
679,PR00679,Penggaris,33034,Alat Tulis
680,PR00680,Kalung,40522,Aksesoris
681,PR00681,Kaos,346362,Pakaian Wanita
682,PR00682,Pensil warna,490345,Alat Tulis
683,PR00683,Lem,475608,Alat Tulis
684,PR00684,Cutter,434396,Alat Tulis
685,PR00685,Scrunchie,66133,Aksesoris
686,PR00686,Penghapus,65442,Alat Tulis
687,PR00687,Lem,424193,Alat Tulis
688,PR00688,Penghapus,173879,Alat Tulis
689,PR00689,T-shirt,476179,Pakaian Wanita
690,PR00690,Hoodie,440589,Pakaian Pria
691,PR00691,Pensil,463522,Alat Tulis
692,PR00692,Pensil,332321,Alat Tulis
693,PR00693,Penghapus,206529,Alat Tulis
694,PR00694,Pulpen,416351,Alat Tulis
695,PR00695,Tipe-X,142919,Alat Tulis
696,PR00696,Lem,276145,Alat Tulis
697,PR00697,Stapler,85575,Alat Tulis
698,PR00698,Pulpen,393603,Alat Tulis
699,PR00699,Stapler,405742,Alat Tulis
700,PR00700,Penggaris,266006,Alat Tulis
701,PR00701,Kue Kering,41630,Makanan dan Minuman
702,PR00702,Dress,453921,Pakaian Wanita
703,PR00703,Scrunchie,475409,Aksesoris
704,PR00704,Bando,78717,Aksesoris
705,PR00705,Piyama,347830,Pakaian Pria
706,PR00706,Anting,418998,Aksesoris
707,PR00707,Pensil warna,47481,Alat Tulis
708,PR00708,Gelang,436366,Aksesoris
709,PR00709,Lem,26034,Alat Tulis
710,PR00710,Pulpen,449946,Alat Tulis
711,PR00711,Piyama,53061,Pakaian Pria
712,PR00712,Cincin,307695,Aksesoris
713,PR00713,Penghapus,89562,Alat Tulis
714,PR00714,Pulpen,302491,Alat Tulis
715,PR00715,Crop Top,303639,Pakaian Wanita
716,PR00716,Scrunchie,199659,Aksesoris
717,PR00717,Krayon,282620,Alat Tulis
718,PR00718,Penggaris,340630,Alat Tulis
719,PR00719,Pensil,173305,Alat Tulis
720,PR00720,Macbook,464641,Elektronik
721,PR00721,Rumput Lau,283219,Makanan dan Minuman
722,PR00722,Pensil,370967,Alat Tulis
723,PR00723,Penggaris,150937,Alat Tulis
724,PR00724,Cutter,409570,Alat Tulis
725,PR00725,Lem,199773,Alat Tulis
726,PR00726,Cutter,154998,Alat Tulis
727,PR00727,Cincin,146087,Aksesoris
728,PR00728,Gelang,199847,Aksesoris
729,PR00729,Kemeja,84548,Pakaian Pria
730,PR00730,T-shirt,285993,Pakaian Wanita
731,PR00731,Krayon,389673,Alat Tulis
732,PR00732,Pulpen,324314,Alat Tulis
733,PR00733,Anting,237259,Aksesoris
734,PR00734,Penghapus,324411,Alat Tulis
735,PR00735,Anting,102312,Aksesoris
736,PR00736,Kemeja,155596,Pakaian Pria
737,PR00737,Scrunchie,186778,Aksesoris
738,PR00738,Lem,462667,Alat Tulis
739,PR00739,Kulkas,161994,Elektronik
740,PR00740,Anting,445458,Aksesoris
741,PR00741,Penghapus,290532,Alat Tulis
742,PR00742,Pensil warna,218155,Alat Tulis
743,PR00743,Gelang,443586,Aksesoris
744,PR00744,Tipe-X,342443,Alat Tulis
745,PR00745,Komputer,79533,Elektronik
746,PR00746,Cincin,490018,Aksesoris
747,PR00747,Cutter,312540,Alat Tulis
748,PR00748,Anting,61893,Aksesoris
749,PR00749,Anting,255178,Aksesoris
750,PR00750,Lem,294682,Alat Tulis
751,PR00751,Scrunchie,228119,Aksesoris
752,PR00752,Hoodie,345590,Pakaian Pria
753,PR00753,Scrunchie,410838,Aksesoris
754,PR00754,Pulpen,344936,Alat Tulis
755,PR00755,Cutter,429759,Alat Tulis
756,PR00756,Penghapus,396642,Alat Tulis
757,PR00757,Penggaris,100235,Alat Tulis
758,PR00758,Penggaris,481367,Alat Tulis
759,PR00759,Penggaris,467037,Alat Tulis
760,PR00760,Kalung,326210,Aksesoris
761,PR00761,Anting,235055,Aksesoris
762,PR00762,Gelang,234725,Aksesoris
763,PR00763,Pulpen,442978,Alat Tulis
764,PR00764,Bando,367561,Aksesoris
765,PR00765,Jas,212579,Pakaian Pria
766,PR00766,Penghapus,322273,Alat Tulis
767,PR00767,T-shirt,129447,Pakaian Pria
768,PR00768,Pensil warna,322406,Alat Tulis
769,PR00769,Kopi,304853,Makanan dan Minuman
770,PR00770,T-shirt,475602,Pakaian Pria
771,PR00771,Tipe-X,110614,Alat Tulis
772,PR00772,Scrunchie,248368,Aksesoris
773,PR00773,Kalung,286189,Aksesoris
774,PR00774,Lem,386683,Alat Tulis
775,PR00775,Gelang,371872,Aksesoris
776,PR00776,Pensil warna,247114,Alat Tulis
777,PR00777,Tipe-X,95020,Alat Tulis
778,PR00778,Bando,371934,Aksesoris
779,PR00779,Stapler,436375,Alat Tulis
780,PR00780,Stapler,161573,Alat Tulis
781,PR00781,Piyama,382573,Pakaian Pria
782,PR00782,Pensil,60248,Alat Tulis
783,PR00783,Bando,334912,Aksesoris
784,PR00784,Kalung,21923,Aksesoris
785,PR00785,Penghapus,389426,Alat Tulis
786,PR00786,Piyama,442897,Pakaian Pria
787,PR00787,Lem,446031,Alat Tulis
788,PR00788,Anting,163375,Aksesoris
789,PR00789,Penghapus,14334,Alat Tulis
790,PR00790,Kalung,203183,Aksesoris
791,PR00791,T-shirt,355454,Pakaian Wanita
792,PR00792,Cutter,70334,Alat Tulis
793,PR00793,Scrunchie,480514,Aksesoris
794,PR00794,Gelang,199864,Aksesoris
795,PR00795,Pensil,474195,Alat Tulis
796,PR00796,Penghapus,432564,Alat Tulis
797,PR00797,Krayon,472212,Alat Tulis
798,PR00798,Anting,156297,Aksesoris
799,PR00799,Penghapus,349568,Alat Tulis
800,PR00800,Pasta,307685,Makanan dan Minuman
801,PR00801,Pensil warna,108092,Alat Tulis
802,PR00802,Penggaris,57094,Alat Tulis
803,PR00803,Pulpen,491688,Alat Tulis
804,PR00804,Cincin,168901,Aksesoris
805,PR00805,Boneka,33791,Mainan
806,PR00806,Piyama,344881,Pakaian Pria
807,PR00807,Jaket,481490,Pakaian Wanita
808,PR00808,Rumput Lau,80432,Makanan dan Minuman
809,PR00809,Kalung,56304,Aksesoris
810,PR00810,Krayon,275112,Alat Tulis
811,PR00811,Scrunchie,439105,Aksesoris
812,PR00812,Cutter,345602,Alat Tulis
813,PR00813,Cincin,238459,Aksesoris
814,PR00814,Penghapus,235743,Alat Tulis
815,PR00815,Lem,389015,Alat Tulis
816,PR00816,Piyama,397509,Pakaian Pria
817,PR00817,Anting,217819,Aksesoris
818,PR00818,Gelang,74247,Aksesoris
819,PR00819,Kaos,185068,Pakaian Pria
820,PR00820,Pensil warna,354353,Alat Tulis
821,PR00821,iPad,349480,Elektronik
822,PR00822,Kemeja,185490,Pakaian Pria
823,PR00823,Krayon,382666,Alat Tulis
824,PR00824,Cincin,316096,Aksesoris
825,PR00825,Boneka,452716,Mainan
826,PR00826,Samsung,103184,Elektronik
827,PR00827,Tipe-X,495541,Alat Tulis
828,PR00828,Tipe-X,57074,Alat Tulis
829,PR00829,Hoodie,456543,Pakaian Wanita
830,PR00830,Penggaris,222590,Alat Tulis
831,PR00831,Pensil,316820,Alat Tulis
832,PR00832,Tipe-X,487363,Alat Tulis
833,PR00833,Penggaris,63690,Alat Tulis
834,PR00834,T-shirt,205343,Pakaian Pria
835,PR00835,Stapler,447517,Alat Tulis
836,PR00836,Penghapus,428272,Alat Tulis
837,PR00837,Pensil,14057,Alat Tulis
838,PR00838,Kaos,330298,Pakaian Wanita
839,PR00839,Pensil,172392,Alat Tulis
840,PR00840,Hoodie,93561,Pakaian Pria
841,PR00841,Scrunchie,329731,Aksesoris
842,PR00842,Pensil,183454,Alat Tulis
843,PR00843,Cutter,252475,Alat Tulis
844,PR00844,Tipe-X,302887,Alat Tulis
845,PR00845,Kardigan,33680,Pakaian Wanita
846,PR00846,Penggaris,117772,Alat Tulis
847,PR00847,Gelang,231671,Aksesoris
848,PR00848,T-shirt,108699,Pakaian Pria
849,PR00849,Penggaris,20224,Alat Tulis
850,PR00850,Aqua,80970,Makanan dan Minuman
851,PR00851,Pensil,453099,Alat Tulis
852,PR00852,Pulpen,334410,Alat Tulis
853,PR00853,Krayon,37519,Alat Tulis
854,PR00854,Bando,247568,Aksesoris
855,PR00855,Kemeja,474179,Pakaian Pria
856,PR00856,Bando,492354,Aksesoris
857,PR00857,Stapler,159564,Alat Tulis
858,PR00858,Scrunchie,158569,Aksesoris
859,PR00859,Krayon,42301,Alat Tulis
860,PR00860,AC,88724,Elektronik
861,PR00861,Scrunchie,304734,Aksesoris
862,PR00862,Kemeja,26818,Pakaian Pria
863,PR00863,Kalung,445116,Aksesoris
864,PR00864,Pensil,365063,Alat Tulis
865,PR00865,Piyama,239575,Pakaian Pria
866,PR00866,Pensil warna,32845,Alat Tulis
867,PR00867,Kaos,162742,Pakaian Wanita
868,PR00868,Pulpen,346782,Alat Tulis
869,PR00869,Pensil warna,356796,Alat Tulis
870,PR00870,Jaket,26435,Pakaian Pria
871,PR00871,Stapler,70029,Alat Tulis
872,PR00872,Cincin,273373,Aksesoris
873,PR00873,Anting,95731,Aksesoris
874,PR00874,Pensil,463263,Alat Tulis
875,PR00875,Stapler,140765,Alat Tulis
876,PR00876,Anting,452684,Aksesoris
877,PR00877,Tipe-X,282349,Alat Tulis
878,PR00878,Cutter,278061,Alat Tulis
879,PR00879,Gelang,364749,Aksesoris
880,PR00880,Lem,395973,Alat Tulis
881,PR00881,Jas,69922,Pakaian Pria
882,PR00882,Stapler,255977,Alat Tulis
883,PR00883,Penghapus,75087,Alat Tulis
884,PR00884,Bando,37031,Aksesoris
885,PR00885,Bando,249682,Aksesoris
886,PR00886,Pensil,170346,Alat Tulis
887,PR00887,Penghapus,426515,Alat Tulis
888,PR00888,Stapler,179328,Alat Tulis
889,PR00889,Yoyo,302281,Mainan
890,PR00890,Anting,161679,Aksesoris
891,PR00891,Cutter,445724,Alat Tulis
892,PR00892,Cutter,115046,Alat Tulis
893,PR00893,Pulpen,172750,Alat Tulis
894,PR00894,Kaos,17250,Pakaian Pria
895,PR00895,T-shirt,230428,Pakaian Wanita
896,PR00896,Krayon,101489,Alat Tulis
897,PR00897,Laptop,107768,Elektronik
898,PR00898,Cutter,201038,Alat Tulis
899,PR00899,Penghapus,491666,Alat Tulis
900,PR00900,Pensil warna,131832,Alat Tulis
901,PR00901,Stapler,24890,Alat Tulis
902,PR00902,Pensil warna,352472,Alat Tulis
903,PR00903,Krayon,41744,Alat Tulis
904,PR00904,Kemeja,457813,Pakaian Pria
905,PR00905,Bando,163427,Aksesoris
906,PR00906,Gelang,384418,Aksesoris
907,PR00907,Stapler,264908,Alat Tulis
908,PR00908,Kardigan,245207,Pakaian Wanita
909,PR00909,Jaket,388688,Pakaian Wanita
910,PR00910,Cincin,342884,Aksesoris
911,PR00911,Bando,131819,Aksesoris
912,PR00912,Cutter,440428,Alat Tulis
913,PR00913,Pensil,110433,Alat Tulis
914,PR00914,Kaos,32093,Pakaian Pria
915,PR00915,Hoodie,482060,Pakaian Pria
916,PR00916,Cutter,286198,Alat Tulis
917,PR00917,Pensil,90024,Alat Tulis
918,PR00918,Kalung,454871,Aksesoris
919,PR00919,Kaos,490950,Pakaian Pria
920,PR00920,Scrunchie,463230,Aksesoris
921,PR00921,Crop Top,403177,Pakaian Wanita
922,PR00922,Tipe-X,349240,Alat Tulis
923,PR00923,Penggaris,59393,Alat Tulis
924,PR00924,Hoodie,425506,Pakaian Pria
925,PR00925,Stapler,338662,Alat Tulis
926,PR00926,Penghapus,53975,Alat Tulis
927,PR00927,Gelang,168080,Aksesoris
928,PR00928,Penghapus,480010,Alat Tulis
929,PR00929,Cookie,183550,Makanan dan Minuman
930,PR00930,Pensil warna,20826,Alat Tulis
931,PR00931,Hoodie,498450,Pakaian Wanita
932,PR00932,Cutter,205234,Alat Tulis
933,PR00933,Penghapus,98414,Alat Tulis
934,PR00934,Penggaris,196385,Alat Tulis
935,PR00935,Bando,302082,Aksesoris
936,PR00936,Penggaris,303678,Alat Tulis
937,PR00937,Pulpen,299624,Alat Tulis
938,PR00938,Krayon,383316,Alat Tulis
939,PR00939,Kaos,36335,Pakaian Pria
940,PR00940,Kemeja,147637,Pakaian Pria
941,PR00941,Scrunchie,399412,Aksesoris
942,PR00942,Pensil,56538,Alat Tulis
943,PR00943,Pensil,285707,Alat Tulis
944,PR00944,Pensil warna,311809,Alat Tulis
945,PR00945,Pensil,300433,Alat Tulis
946,PR00946,Laptop,380203,Elektronik
947,PR00947,Scrunchie,355608,Aksesoris
948,PR00948,Tipe-X,146881,Alat Tulis
949,PR00949,Pensil,499362,Alat Tulis
950,PR00950,Anting,286457,Aksesoris
951,PR00951,Pensil,252759,Alat Tulis
952,PR00952,Pensil,493545,Alat Tulis
953,PR00953,Jaket,365211,Pakaian Wanita
954,PR00954,Pensil warna,456162,Alat Tulis
955,PR00955,Stapler,81277,Alat Tulis
956,PR00956,Earphone,479141,Elektronik
957,PR00957,Kardigan,271446,Pakaian Wanita
958,PR00958,Anting,339624,Aksesoris
959,PR00959,Cincin,436911,Aksesoris
960,PR00960,Jaket,376688,Pakaian Pria
961,PR00961,Kaos,292720,Pakaian Pria
962,PR00962,Pensil,180082,Alat Tulis
963,PR00963,Cutter,87112,Alat Tulis
964,PR00964,Cincin,209765,Aksesoris
965,PR00965,Anting,222754,Aksesoris
966,PR00966,Penggaris,58375,Alat Tulis
967,PR00967,Penggaris,182747,Alat Tulis
968,PR00968,Stapler,437920,Alat Tulis
969,PR00969,Kopi,442838,Makanan dan Minuman
970,PR00970,Cutter,306904,Alat Tulis
971,PR00971,Gelang,438234,Aksesoris
972,PR00972,Jaket,424522,Pakaian Pria
973,PR00973,Stapler,435322,Alat Tulis
974,PR00974,Bando,125552,Aksesoris
975,PR00975,Kardigan,191591,Pakaian Wanita
976,PR00976,Jaket,420374,Pakaian Wanita
977,PR00977,Pensil,396363,Alat Tulis
978,PR00978,Scrunchie,21155,Aksesoris
979,PR00979,Kemeja,393220,Pakaian Pria
980,PR00980,Hoodie,278449,Pakaian Wanita
981,PR00981,Cincin,170726,Aksesoris
982,PR00982,Jas,48061,Pakaian Pria
983,PR00983,Stapler,338488,Alat Tulis
984,PR00984,Tempat tidur,55452,Perabotan Rumah Tangga
985,PR00985,Tipe-X,66184,Alat Tulis
986,PR00986,Krayon,98588,Alat Tulis
987,PR00987,Tipe-X,263125,Alat Tulis
988,PR00988,Gelang,491314,Aksesoris
989,PR00989,Cutter,343073,Alat Tulis
990,PR00990,Gelang,122639,Aksesoris
991,PR00991,Penghapus,33399,Alat Tulis
992,PR00992,Pulpen,84576,Alat Tulis
993,PR00993,Cutter,214738,Alat Tulis
994,PR00994,Cincin,347847,Aksesoris
995,PR00995,Gasing,29175,Mainan
996,PR00996,Kemeja,444591,Pakaian Pria
997,PR00997,Scrunchie,68918,Aksesoris
998,PR00998,Bando,183145,Aksesoris
999,PR00999,Smart Watch,309273,Elektronik
1000,PR01000,Pensil,367592,Alat Tulis
