ProductID,ProductNo,ProductName,ProductPrice,ProductCategoryName
PR00001,1,Penggaris,456501,Alat Tulis
PR00002,2,Piyama,356519,Pakaian Pria
PR00003,3,Pulpen,140055,Alat Tulis
PR00004,4,Anting,96720,Aksesoris
PR00005,5,Cutter,483017,Alat Tulis
PR00006,6,Cutter,389729,Alat Tulis
PR00007,7,Cincin,104961,Aksesoris
PR00008,8,Jaket,431667,Pakaian Pria
PR00009,9,Tipe-X,281024,Alat Tulis
PR00010,10,Piyama,456327,Pakaian Pria
PR00011,11,Hoodie,158795,Pakaian Wanita
PR00012,12,Penggaris,276501,Alat Tulis
PR00013,13,Lem,497104,Alat Tulis
PR00014,14,Cutter,405093,Alat Tulis
PR00015,15,Kemeja,293728,Pakaian Pria
PR00016,16,Lem,33266,Alat Tulis
PR00017,17,Penghapus,442852,Alat Tulis
PR00018,18,Kemeja,304371,Pakaian Pria
PR00019,19,Gelang,499158,Aksesoris
PR00020,20,Latte,127272,Makanan dan Minuman
PR00021,21,Gelang,156944,Aksesoris
PR00022,22,Cutter,155433,Alat Tulis
PR00023,23,Laptop,14620,Elektronik
PR00024,24,Cincin,290740,Aksesoris
PR00025,25,Anting,124890,Aksesoris
PR00026,26,Penggaris,499957,Alat Tulis
PR00027,27,Jas,454865,Pakaian Pria
PR00028,28,Scrunchie,258168,Aksesoris
PR00029,29,Piyama,18095,Pakaian Pria
PR00030,30,Jaket,186547,Pakaian Pria
PR00031,31,Anting,57866,Aksesoris
PR00032,32,Krayon,40978,Alat Tulis
PR00033,33,Kaos,465036,Pakaian Pria
PR00034,34,Stapler,62051,Alat Tulis
PR00035,35,Pulpen,161149,Alat Tulis
PR00036,36,Ramyeon,74790,Makanan dan Minuman
PR00037,37,Stapler,203516,Alat Tulis
PR00038,38,Kaos,449586,Pakaian Pria
PR00039,39,Stapler,322267,Alat Tulis
PR00040,40,Kaos,275854,Pakaian Wanita
PR00041,41,Kardigan,221134,Pakaian Wanita
PR00042,42,Cincin,260335,Aksesoris
PR00043,43,Lem,60165,Alat Tulis
PR00044,44,Indomie,433568,Makanan dan Minuman
PR00045,45,Pulpen,356393,Alat Tulis
PR00046,46,Kalung,19485,Aksesoris
PR00047,47,Gelang,292224,Aksesoris
PR00048,48,Cutter,238106,Alat Tulis
PR00049,49,Bando,340956,Aksesoris
PR00050,50,Scrunchie,273229,Aksesoris
PR00051,51,Pensil warna,416817,Alat Tulis
PR00052,52,Cutter,41332,Alat Tulis
PR00053,53,Krayon,479604,Alat Tulis
PR00054,54,Hoodie,226722,Pakaian Pria
PR00055,55,Pensil,245799,Alat Tulis
PR00056,56,Tipe-X,329005,Alat Tulis
PR00057,57,Latte,362005,Makanan dan Minuman
PR00058,58,Penggaris,434374,Alat Tulis
PR00059,59,Kardigan,115475,Pakaian Wanita
PR00060,60,Pulpen,94387,Alat Tulis
PR00061,61,Tipe-X,13192,Alat Tulis
PR00062,62,Kalung,271653,Aksesoris
PR00063,63,Piyama,126375,Pakaian Wanita
PR00064,64,Bando,285914,Aksesoris
PR00065,65,Penghapus,241519,Alat Tulis
PR00066,66,Penghapus,24144,Alat Tulis
PR00067,67,Crop Top,268859,Pakaian Wanita
PR00068,68,Scrunchie,341143,Aksesoris
PR00069,69,Pensil warna,452540,Alat Tulis
PR00070,70,Jaket,450337,Pakaian Pria
PR00071,71,Jas,357683,Pakaian Pria
PR00072,72,Cutter,20837,Alat Tulis
PR00073,73,Krayon,253747,Alat Tulis
PR00074,74,Bando,147546,Aksesoris
PR00075,75,Penggaris,85893,Alat Tulis
PR00076,76,Gelang,283532,Aksesoris
PR00077,77,Piyama,155464,Pakaian Pria
PR00078,78,Anting,134228,Aksesoris
PR00079,79,Kalung,56795,Aksesoris
PR00080,80,Pulpen,15623,Alat Tulis
PR00081,81,Stapler,207530,Alat Tulis
PR00082,82,Pulpen,227843,Alat Tulis
PR00083,83,Pensil,357915,Alat Tulis
PR00084,84,Lem,91265,Alat Tulis
PR00085,85,Hoodie,189489,Pakaian Wanita
PR00086,86,Anting,108926,Aksesoris
PR00087,87,Lem,21656,Alat Tulis
PR00088,88,Bando,366529,Aksesoris
PR00089,89,Cincin,203483,Aksesoris
PR00090,90,Lem,177224,Alat Tulis
PR00091,91,Lem,391374,Alat Tulis
PR00092,92,Penggaris,400574,Alat Tulis
PR00093,93,Bando,294012,Aksesoris
PR00094,94,Ular Tangga,173855,Mainan
PR00095,95,Kalung,484841,Aksesoris
PR00096,96,Krayon,459255,Alat Tulis
PR00097,97,Scrunchie,499365,Aksesoris
PR00098,98,Tipe-X,70889,Alat Tulis
PR00099,99,Stapler,374426,Alat Tulis
PR00100,100,iPhone,245901,Elektronik
PR00101,101,Stapler,23264,Alat Tulis
PR00102,102,Lem,174401,Alat Tulis
PR00103,103,Anting,349687,Aksesoris
PR00104,104,Cincin,291747,Aksesoris
PR00105,105,Anting,318817,Aksesoris
PR00106,106,Anting,281751,Aksesoris
PR00107,107,Kalung,248210,Aksesoris
PR00108,108,Tipe-X,46397,Alat Tulis
PR00109,109,Lem,125016,Alat Tulis
PR00110,110,Piyama,480136,Pakaian Pria
PR00111,111,Bando,399701,Aksesoris
PR00112,112,Anting,426734,Aksesoris
PR00113,113,Dress,445540,Pakaian Wanita
PR00114,114,Krayon,214734,Alat Tulis
PR00115,115,Lem,291282,Alat Tulis
PR00116,116,Penggaris,79754,Alat Tulis
PR00117,117,Scrunchie,256122,Aksesoris
PR00118,118,Stapler,91208,Alat Tulis
PR00119,119,Krayon,180215,Alat Tulis
PR00120,120,Pensil warna,149971,Alat Tulis
PR00121,121,Gembot,22900,Mainan
PR00122,122,Piyama,129199,Pakaian Pria
PR00123,123,Jaket,168208,Pakaian Pria
PR00124,124,Jaket,202335,Pakaian Pria
PR00125,125,Penghapus,365405,Alat Tulis
PR00126,126,Penggaris,173403,Alat Tulis
PR00127,127,Kaos,443415,Pakaian Wanita
PR00128,128,Krayon,165061,Alat Tulis
PR00129,129,Pulpen,176654,Alat Tulis
PR00130,130,Pulpen,38246,Alat Tulis
PR00131,131,Krayon,169479,Alat Tulis
PR00132,132,Kaos,453656,Pakaian Pria
PR00133,133,Tipe-X,176984,Alat Tulis
PR00134,134,Gelang,173795,Aksesoris
PR00135,135,Penghapus,343436,Alat Tulis
PR00136,136,Bando,279145,Aksesoris
PR00137,137,Penghapus,79165,Alat Tulis
PR00138,138,T-shirt,189955,Pakaian Pria
PR00139,139,Kalung,131860,Aksesoris
PR00140,140,Kardigan,422940,Pakaian Wanita
PR00141,141,Tipe-X,487378,Alat Tulis
PR00142,142,Stapler,321964,Alat Tulis
PR00143,143,Pulpen,50713,Alat Tulis
PR00144,144,Cutter,195553,Alat Tulis
PR00145,145,Pulpen,115291,Alat Tulis
PR00146,146,Pensil,447431,Alat Tulis
PR00147,147,Penggaris,378675,Alat Tulis
PR00148,148,Lem,86185,Alat Tulis
PR00149,149,Hoodie,302844,Pakaian Pria
PR00150,150,Cincin,423599,Aksesoris
PR00151,151,Pulpen,64709,Alat Tulis
PR00152,152,Penggaris,445416,Alat Tulis
PR00153,153,Piyama,89748,Pakaian Pria
PR00154,154,Krayon,152424,Alat Tulis
PR00155,155,Kardigan,428946,Pakaian Wanita
PR00156,156,Pensil,54285,Alat Tulis
PR00157,157,Samsung,491044,Elektronik
PR00158,158,Dress,120212,Pakaian Wanita
PR00159,159,Gelang,357159,Aksesoris
PR00160,160,Gelang,122081,Aksesoris
PR00161,161,Penggaris,164991,Alat Tulis
PR00162,162,Pensil,196278,Alat Tulis
PR00163,163,Kalung,189458,Aksesoris
PR00164,164,Penggaris,186297,Alat Tulis
PR00165,165,Bando,123283,Aksesoris
PR00166,166,Krayon,300376,Alat Tulis
PR00167,167,Pulpen,25909,Alat Tulis
PR00168,168,Scrunchie,207572,Aksesoris
PR00169,169,T-shirt,344820,Pakaian Wanita
PR00170,170,Tipe-X,392011,Alat Tulis
PR00171,171,Gelang,106229,Aksesoris
PR00172,172,Stapler,76597,Alat Tulis
PR00173,173,Kwetiau Goreng,456779,Makanan dan Minuman
PR00174,174,Pensil,260864,Alat Tulis
PR00175,175,Kemeja,487521,Pakaian Pria
PR00176,176,Piyama,263566,Pakaian Wanita
PR00177,177,Pensil warna,134132,Alat Tulis
PR00178,178,Lem,208948,Alat Tulis
PR00179,179,Oppo,267953,Elektronik
PR00180,180,Penggaris,57593,Alat Tulis
PR00181,181,Pensil warna,48256,Alat Tulis
PR00182,182,Penggaris,239957,Alat Tulis
PR00183,183,Pensil,381002,Alat Tulis
PR00184,184,Stapler,54336,Alat Tulis
PR00185,185,Anting,116023,Aksesoris
PR00186,186,Cincin,232432,Aksesoris
PR00187,187,Macbook,387244,Elektronik
PR00188,188,Anting,453534,Aksesoris
PR00189,189,Pulpen,268149,Alat Tulis
PR00190,190,Gelang,440923,Aksesoris
PR00191,191,Penggaris,391831,Alat Tulis
PR00192,192,Krayon,243540,Alat Tulis
PR00193,193,Piyama,68655,Pakaian Pria
PR00194,194,Krayon,229580,Alat Tulis
PR00195,195,Tipe-X,470016,Alat Tulis
PR00196,196,Cincin,153546,Aksesoris
PR00197,197,Pensil warna,251913,Alat Tulis
PR00198,198,Pensil,359541,Alat Tulis
PR00199,199,Pulpen,126303,Alat Tulis
PR00200,200,Bando,82363,Aksesoris
PR00201,201,Pensil,164559,Alat Tulis
PR00202,202,Penggaris,279995,Alat Tulis
PR00203,203,Pulpen,357509,Alat Tulis
PR00204,204,Penghapus,339452,Alat Tulis
PR00205,205,Pensil,242666,Alat Tulis
PR00206,206,Penggaris,14442,Alat Tulis
PR00207,207,TV,289895,Elektronik
PR00208,208,Cutter,395694,Alat Tulis
PR00209,209,T-shirt,440851,Pakaian Wanita
PR00210,210,Pulpen,393866,Alat Tulis
PR00211,211,Hoodie,450190,Pakaian Pria
PR00212,212,Scrunchie,277179,Aksesoris
PR00213,213,Kalung,376882,Aksesoris
PR00214,214,Pulpen,379352,Alat Tulis
PR00215,215,Bando,88538,Aksesoris
PR00216,216,Penggaris,476684,Alat Tulis
PR00217,217,Penggaris,154269,Alat Tulis
PR00218,218,Penggaris,232685,Alat Tulis
PR00219,219,Laptop,383486,Elektronik
PR00220,220,Jas,187124,Pakaian Pria
PR00221,221,Jaket,248585,Pakaian Pria
PR00222,222,Pensil warna,467936,Alat Tulis
PR00223,223,Kulkas,82099,Elektronik
PR00224,224,Bando,471204,Aksesoris
PR00225,225,Penghapus,428624,Alat Tulis
PR00226,226,Hoodie,315387,Pakaian Wanita
PR00227,227,Pensil,378786,Alat Tulis
PR00228,228,Krayon,291737,Alat Tulis
PR00229,229,Kopi,356256,Makanan dan Minuman
PR00230,230,Cincin,392401,Aksesoris
PR00231,231,Stapler,255044,Alat Tulis
PR00232,232,Stapler,470211,Alat Tulis
PR00233,233,Penghapus,262463,Alat Tulis
PR00234,234,Jaket,431556,Pakaian Pria
PR00235,235,Penghapus,84205,Alat Tulis
PR00236,236,Penghapus,355551,Alat Tulis
PR00237,237,Lem,91780,Alat Tulis
PR00238,238,Jas,282003,Pakaian Pria
PR00239,239,Penggaris,308522,Alat Tulis
PR00240,240,Krayon,373393,Alat Tulis
PR00241,241,Pulpen,184476,Alat Tulis
PR00242,242,iPad,455019,Elektronik
PR00243,243,Anting,74652,Aksesoris
PR00244,244,Penghapus,393962,Alat Tulis
PR00245,245,Stapler,452298,Alat Tulis
PR00246,246,iPad,130628,Elektronik
PR00247,247,Pulpen,97651,Alat Tulis
PR00248,248,Penggaris,108287,Alat Tulis
PR00249,249,Lem,255434,Alat Tulis
PR00250,250,Samsung,26543,Elektronik
PR00251,251,Stapler,310614,Alat Tulis
PR00252,252,Gelang,263507,Aksesoris
PR00253,253,Penghapus,374361,Alat Tulis
PR00254,254,Smart Watch,129486,Elektronik
PR00255,255,Pensil,456809,Alat Tulis
PR00256,256,Lem,147539,Alat Tulis
PR00257,257,Cutter,290503,Alat Tulis
PR00258,258,T-shirt,136838,Pakaian Pria
PR00259,259,Pensil warna,277682,Alat Tulis
PR00260,260,Krayon,331526,Alat Tulis
PR00261,261,Kalung,401969,Aksesoris
PR00262,262,Bando,285756,Aksesoris
PR00263,263,Penghapus,296756,Alat Tulis
PR00264,264,Stapler,12245,Alat Tulis
PR00265,265,Penggaris,176904,Alat Tulis
PR00266,266,Krayon,460232,Alat Tulis
PR00267,267,Krayon,20911,Alat Tulis
PR00268,268,Lem,390263,Alat Tulis
PR00269,269,Stapler,32598,Alat Tulis
PR00270,270,TV,106778,Elektronik
PR00271,271,Anting,29979,Aksesoris
PR00272,272,Anting,388998,Aksesoris
PR00273,273,Kalung,11478,Aksesoris
PR00274,274,Penggaris,298835,Alat Tulis
PR00275,275,Cincin,408208,Aksesoris
PR00276,276,Penghapus,434623,Alat Tulis
PR00277,277,Hoodie,97545,Pakaian Wanita
PR00278,278,Pulpen,489337,Alat Tulis
PR00279,279,Pulpen,394524,Alat Tulis
PR00280,280,Kemeja,198417,Pakaian Pria
PR00281,281,Kalung,426865,Aksesoris
PR00282,282,T-shirt,280232,Pakaian Pria
PR00283,283,Pensil,310376,Alat Tulis
PR00284,284,Stapler,129694,Alat Tulis
PR00285,285,Kue Kering,351722,Makanan dan Minuman
PR00286,286,Gelang,412586,Aksesoris
PR00287,287,Bando,216924,Aksesoris
PR00288,288,Cutter,70687,Alat Tulis
PR00289,289,Jaket,243388,Pakaian Pria
PR00290,290,Smart Watch,425879,Elektronik
PR00291,291,T-shirt,451250,Pakaian Pria
PR00292,292,Penghapus,161614,Alat Tulis
PR00293,293,Kaos,418561,Pakaian Pria
PR00294,294,Pulpen,276854,Alat Tulis
PR00295,295,T-shirt,265117,Pakaian Pria
PR00296,296,Tipe-X,136172,Alat Tulis
PR00297,297,T-shirt,436003,Pakaian Pria
PR00298,298,Gelang,497984,Aksesoris
PR00299,299,Pulpen,22465,Alat Tulis
PR00300,300,Kalung,209763,Aksesoris
PR00301,301,Penggaris,349284,Alat Tulis
PR00302,302,Piyama,397226,Pakaian Pria
PR00303,303,Bando,211650,Aksesoris
PR00304,304,Jaket,178165,Pakaian Wanita
PR00305,305,Cutter,205538,Alat Tulis
PR00306,306,Lem,94410,Alat Tulis
PR00307,307,Ular Tangga,465608,Mainan
PR00308,308,Pulpen,233541,Alat Tulis
PR00309,309,Tipe-X,247851,Alat Tulis
PR00310,310,Lem,427576,Alat Tulis
PR00311,311,Stapler,452491,Alat Tulis
PR00312,312,Stapler,60620,Alat Tulis
PR00313,313,Kalung,59920,Aksesoris
PR00314,314,Penggaris,495140,Alat Tulis
PR00315,315,Kalung,282239,Aksesoris
PR00316,316,Kemeja,326061,Pakaian Pria
PR00317,317,Pensil warna,273766,Alat Tulis
PR00318,318,Piyama,167741,Pakaian Pria
PR00319,319,Scrunchie,469802,Aksesoris
PR00320,320,Penghapus,191229,Alat Tulis
PR00321,321,Penghapus,178864,Alat Tulis
PR00322,322,Indomie,98613,Makanan dan Minuman
PR00323,323,Lem,184855,Alat Tulis
PR00324,324,T-shirt,464840,Pakaian Pria
PR00325,325,Scrunchie,462102,Aksesoris
PR00326,326,Kalung,306133,Aksesoris
PR00327,327,Kursi,337058,Perabotan Rumah Tangga
PR00328,328,Penghapus,498341,Alat Tulis
PR00329,329,Bando,72128,Aksesoris
PR00330,330,Gelang,384664,Aksesoris
PR00331,331,Gelang,383842,Aksesoris
PR00332,332,Pulpen,388463,Alat Tulis
PR00333,333,Hoodie,419842,Pakaian Pria
PR00334,334,Kaos,179637,Pakaian Pria
PR00335,335,Pensil warna,199277,Alat Tulis
PR00336,336,Pulpen,308339,Alat Tulis
PR00337,337,Tipe-X,228674,Alat Tulis
PR00338,338,Pulpen,379293,Alat Tulis
PR00339,339,Cutter,41445,Alat Tulis
PR00340,340,Bando,199240,Aksesoris
PR00341,341,Krayon,419095,Alat Tulis
PR00342,342,Cincin,244216,Aksesoris
PR00343,343,Kalung,283838,Aksesoris
PR00344,344,Scrunchie,31336,Aksesoris
PR00345,345,Komputer,123293,Elektronik
PR00346,346,Jas,10804,Pakaian Pria
PR00347,347,Pensil,269456,Alat Tulis
PR00348,348,Kardigan,265876,Pakaian Wanita
PR00349,349,Penghapus,456438,Alat Tulis
PR00350,350,Cookie,94163,Makanan dan Minuman
PR00351,351,Cutter,316488,Alat Tulis
PR00352,352,Kardigan,293963,Pakaian Wanita
PR00353,353,Pensil warna,374603,Alat Tulis
PR00354,354,Kemeja,460446,Pakaian Pria
PR00355,355,Penghapus,320635,Alat Tulis
PR00356,356,Penggaris,315751,Alat Tulis
PR00357,357,Scrunchie,269346,Aksesoris
PR00358,358,Tipe-X,126612,Alat Tulis
PR00359,359,Pensil,100427,Alat Tulis
PR00360,360,Cutter,430201,Alat Tulis
PR00361,361,Penghapus,370684,Alat Tulis
PR00362,362,Penggaris,140100,Alat Tulis
PR00363,363,Gelang,358322,Aksesoris
PR00364,364,Cutter,353888,Alat Tulis
PR00365,365,Stapler,489744,Alat Tulis
PR00366,366,Penghapus,174940,Alat Tulis
PR00367,367,Kalung,203841,Aksesoris
PR00368,368,Tipe-X,220874,Alat Tulis
PR00369,369,Gelang,345307,Aksesoris
PR00370,370,Lem,237635,Alat Tulis
PR00371,371,Stapler,256118,Alat Tulis
PR00372,372,Penghapus,385453,Alat Tulis
PR00373,373,Piyama,378516,Pakaian Pria
PR00374,374,Kaos,297509,Pakaian Pria
PR00375,375,Tipe-X,493598,Alat Tulis
PR00376,376,Bando,249873,Aksesoris
PR00377,377,Krayon,228090,Alat Tulis
PR00378,378,Pensil,430902,Alat Tulis
PR00379,379,Kursi malas,34086,Perabotan Rumah Tangga
PR00380,380,Scrunchie,104714,Aksesoris
PR00381,381,Penghapus,329777,Alat Tulis
PR00382,382,Stapler,224938,Alat Tulis
PR00383,383,Scrunchie,361306,Aksesoris
PR00384,384,Jas,259973,Pakaian Pria
PR00385,385,Scrunchie,344493,Aksesoris
PR00386,386,Cutter,28307,Alat Tulis
PR00387,387,Krayon,351051,Alat Tulis
PR00388,388,Lem,50955,Alat Tulis
PR00389,389,Pulpen,120646,Alat Tulis
PR00390,390,Gelang,405381,Aksesoris
PR00391,391,Pulpen,67229,Alat Tulis
PR00392,392,Kalung,488471,Aksesoris
PR00393,393,Jas,152063,Pakaian Pria
PR00394,394,Krayon,451123,Alat Tulis
PR00395,395,Lem,209490,Alat Tulis
PR00396,396,Pensil,478925,Alat Tulis
PR00397,397,Hoodie,68695,Pakaian Pria
PR00398,398,Penggaris,419774,Alat Tulis
PR00399,399,Jas,69266,Pakaian Pria
PR00400,400,Pulpen,332096,Alat Tulis
PR00401,401,Lem,139907,Alat Tulis
PR00402,402,Cincin,491582,Aksesoris
PR00403,403,Lem,385194,Alat Tulis
PR00404,404,Kalung,354719,Aksesoris
PR00405,405,Lem,237514,Alat Tulis
PR00406,406,Anting,278489,Aksesoris
PR00407,407,Gelang,11749,Aksesoris
PR00408,408,Pensil warna,365272,Alat Tulis
PR00409,409,Cutter,242141,Alat Tulis
PR00410,410,Tipe-X,408558,Alat Tulis
PR00411,411,Laptop,184793,Elektronik
PR00412,412,Stapler,49644,Alat Tulis
PR00413,413,Stapler,332146,Alat Tulis
PR00414,414,Pensil warna,398692,Alat Tulis
PR00415,415,Jas,277642,Pakaian Pria
PR00416,416,T-shirt,143486,Pakaian Pria
PR00417,417,Smart Watch,179965,Elektronik
PR00418,418,Anting,136118,Aksesoris
PR00419,419,T-shirt,422676,Pakaian Pria
PR00420,420,Penggaris,36139,Alat Tulis
PR00421,421,Jas,89509,Pakaian Pria
PR00422,422,Tipe-X,209351,Alat Tulis
PR00423,423,Pensil,486698,Alat Tulis
PR00424,424,Lem,20337,Alat Tulis
PR00425,425,iPhone,74536,Elektronik
PR00426,426,Kulkas,160110,Elektronik
PR00427,427,Pensil warna,213162,Alat Tulis
PR00428,428,Pensil,473023,Alat Tulis
PR00429,429,Bando,250810,Aksesoris
PR00430,430,Bando,361105,Aksesoris
PR00431,431,Cutter,91337,Alat Tulis
PR00432,432,Pensil,494663,Alat Tulis
PR00433,433,Penghapus,438196,Alat Tulis
PR00434,434,Stapler,85017,Alat Tulis
PR00435,435,Jas,342525,Pakaian Pria
PR00436,436,Lem,453940,Alat Tulis
PR00437,437,Kalung,116769,Aksesoris
PR00438,438,Gelang,140220,Aksesoris
PR00439,439,Lem,290709,Alat Tulis
PR00440,440,Lemari,172033,Perabotan Rumah Tangga
PR00441,441,Cincin,335556,Aksesoris
PR00442,442,Pensil,385019,Alat Tulis
PR00443,443,Bando,437670,Aksesoris
PR00444,444,Pensil warna,294101,Alat Tulis
PR00445,445,Cincin,200171,Aksesoris
PR00446,446,Penghapus,20239,Alat Tulis
PR00447,447,Kardigan,185624,Pakaian Wanita
PR00448,448,Kemeja,228993,Pakaian Pria
PR00449,449,Piyama,369590,Pakaian Pria
PR00450,450,Tipe-X,443724,Alat Tulis
PR00451,451,Krayon,337456,Alat Tulis
PR00452,452,Cincin,46281,Aksesoris
PR00453,453,Pensil warna,282571,Alat Tulis
PR00454,454,Penggaris,358361,Alat Tulis
PR00455,455,Gelang,81507,Aksesoris
PR00456,456,Dress,46960,Pakaian Wanita
PR00457,457,Krayon,290528,Alat Tulis
PR00458,458,Pensil warna,336011,Alat Tulis
PR00459,459,Cincin,329765,Aksesoris
PR00460,460,Scrunchie,275323,Aksesoris
PR00461,461,Penggaris,328370,Alat Tulis
PR00462,462,Pensil,364848,Alat Tulis
PR00463,463,Hoodie,337877,Pakaian Wanita
PR00464,464,Cincin,44744,Aksesoris
PR00465,465,Bando,493441,Aksesoris
PR00466,466,Bando,458302,Aksesoris
PR00467,467,Lem,390784,Alat Tulis
PR00468,468,Tipe-X,83524,Alat Tulis
PR00469,469,Lemari,310841,Perabotan Rumah Tangga
PR00470,470,Cutter,452131,Alat Tulis
PR00471,471,Anting,418744,Aksesoris
PR00472,472,Jaket,468840,Pakaian Pria
PR00473,473,Penghapus,303959,Alat Tulis
PR00474,474,Pensil warna,276308,Alat Tulis
PR00475,475,Piyama,195464,Pakaian Pria
PR00476,476,Penggaris,195585,Alat Tulis
PR00477,477,Penggaris,215188,Alat Tulis
PR00478,478,Lem,263988,Alat Tulis
PR00479,479,Gelang,420590,Aksesoris
PR00480,480,Tipe-X,412399,Alat Tulis
PR00481,481,Hoodie,391798,Pakaian Pria
PR00482,482,T-shirt,107807,Pakaian Pria
PR00483,483,Cutter,17415,Alat Tulis
PR00484,484,Halma,315633,Mainan
PR00485,485,Scrunchie,135200,Aksesoris
PR00486,486,Anting,445370,Aksesoris
PR00487,487,Stapler,67650,Alat Tulis
PR00488,488,Anting,141324,Aksesoris
PR00489,489,Cincin,192464,Aksesoris
PR00490,490,Scrunchie,472306,Aksesoris
PR00491,491,Bando,424666,Aksesoris
PR00492,492,Bando,267315,Aksesoris
PR00493,493,T-shirt,185146,Pakaian Wanita
PR00494,494,Bando,168322,Aksesoris
PR00495,495,Bando,203848,Aksesoris
PR00496,496,Lem,488670,Alat Tulis
PR00497,497,Pensil,105563,Alat Tulis
PR00498,498,Pensil,488394,Alat Tulis
PR00499,499,Jaket,492303,Pakaian Wanita
PR00500,500,Cincin,288588,Aksesoris
PR00501,501,Penggaris,138119,Alat Tulis
PR00502,502,Anting,115242,Aksesoris
PR00503,503,Pulpen,262780,Alat Tulis
PR00504,504,Lem,160608,Alat Tulis
PR00505,505,Jaket,149036,Pakaian Pria
PR00506,506,Cutter,355911,Alat Tulis
PR00507,507,Tipe-X,206365,Alat Tulis
PR00508,508,Scrunchie,23462,Aksesoris
PR00509,509,Penghapus,362494,Alat Tulis
PR00510,510,Piyama,396412,Pakaian Pria
PR00511,511,Stapler,493205,Alat Tulis
PR00512,512,Pulpen,416239,Alat Tulis
PR00513,513,Pensil,424333,Alat Tulis
PR00514,514,Scrunchie,276298,Aksesoris
PR00515,515,Kaos,71518,Pakaian Wanita
PR00516,516,Kalung,140435,Aksesoris
PR00517,517,Tipe-X,383975,Alat Tulis
PR00518,518,Piyama,215106,Pakaian Wanita
PR00519,519,Penghapus,371727,Alat Tulis
PR00520,520,T-shirt,133490,Pakaian Pria
PR00521,521,T-shirt,373052,Pakaian Pria
PR00522,522,Pensil,474778,Alat Tulis
PR00523,523,Pensil warna,50625,Alat Tulis
PR00524,524,Anting,234761,Aksesoris
PR00525,525,Bando,90203,Aksesoris
PR00526,526,Cutter,424415,Alat Tulis
PR00527,527,Cutter,290241,Alat Tulis
PR00528,528,Gelang,476108,Aksesoris
PR00529,529,Kemeja,454177,Pakaian Pria
PR00530,530,Pensil,276818,Alat Tulis
PR00531,531,Pensil,57297,Alat Tulis
PR00532,532,Piyama,287485,Pakaian Wanita
PR00533,533,Pensil,119414,Alat Tulis
PR00534,534,Cincin,404389,Aksesoris
PR00535,535,Krayon,144715,Alat Tulis
PR00536,536,Lem,453400,Alat Tulis
PR00537,537,Piyama,192220,Pakaian Pria
PR00538,538,T-shirt,134108,Pakaian Wanita
PR00539,539,Anting,311640,Aksesoris
PR00540,540,Susu,351246,Makanan dan Minuman
PR00541,541,Gelang,258794,Aksesoris
PR00542,542,Pulpen,76365,Alat Tulis
PR00543,543,Anting,238000,Aksesoris
PR00544,544,Krayon,248445,Alat Tulis
PR00545,545,Stapler,187152,Alat Tulis
PR00546,546,Cutter,105232,Alat Tulis
PR00547,547,Krayon,485546,Alat Tulis
PR00548,548,Pensil warna,74991,Alat Tulis
PR00549,549,Anting,16188,Aksesoris
PR00550,550,Anting,453336,Aksesoris
PR00551,551,Stapler,250606,Alat Tulis
PR00552,552,Penghapus,426365,Alat Tulis
PR00553,553,Jaket,259977,Pakaian Pria
PR00554,554,Pulpen,219468,Alat Tulis
PR00555,555,Oppo,288402,Elektronik
PR00556,556,T-shirt,403609,Pakaian Pria
PR00557,557,Jaket,155576,Pakaian Wanita
PR00558,558,T-shirt,255605,Pakaian Pria
PR00559,559,Lem,300336,Alat Tulis
PR00560,560,Kalung,270740,Aksesoris
PR00561,561,Pensil,64493,Alat Tulis
PR00562,562,Anting,143745,Aksesoris
PR00563,563,Krayon,491521,Alat Tulis
PR00564,564,Cincin,267281,Aksesoris
PR00565,565,Cutter,494196,Alat Tulis
PR00566,566,Bando,221106,Aksesoris
PR00567,567,Penggaris,440415,Alat Tulis
PR00568,568,Penghapus,52935,Alat Tulis
PR00569,569,Pensil warna,316322,Alat Tulis
PR00570,570,T-shirt,30845,Pakaian Wanita
PR00571,571,Penghapus,475516,Alat Tulis
PR00572,572,Piyama,128911,Pakaian Wanita
PR00573,573,Hoodie,209325,Pakaian Pria
PR00574,574,Tipe-X,175329,Alat Tulis
PR00575,575,Penggaris,491586,Alat Tulis
PR00576,576,Penggaris,294803,Alat Tulis
PR00577,577,Anting,221173,Aksesoris
PR00578,578,Pensil warna,48168,Alat Tulis
PR00579,579,Stapler,458027,Alat Tulis
PR00580,580,Penggaris,293465,Alat Tulis
PR00581,581,Piyama,399737,Pakaian Wanita
PR00582,582,Gelang,212695,Aksesoris
PR00583,583,Stapler,42923,Alat Tulis
PR00584,584,Hoodie,276083,Pakaian Wanita
PR00585,585,Scrunchie,268921,Aksesoris
PR00586,586,Pensil warna,326115,Alat Tulis
PR00587,587,Gelang,94042,Aksesoris
PR00588,588,Macbook,36064,Elektronik
PR00589,589,Kalung,491478,Aksesoris
PR00590,590,Cincin,488682,Aksesoris
PR00591,591,Cincin,497496,Aksesoris
PR00592,592,Pulpen,70049,Alat Tulis
PR00593,593,Kalung,481130,Aksesoris
PR00594,594,Anting,247396,Aksesoris
PR00595,595,Tipe-X,344349,Alat Tulis
PR00596,596,Anting,285745,Aksesoris
PR00597,597,Lem,78981,Alat Tulis
PR00598,598,Pensil,47870,Alat Tulis
PR00599,599,Anting,428961,Aksesoris
PR00600,600,Hoodie,298935,Pakaian Pria
PR00601,601,Penggaris,56377,Alat Tulis
PR00602,602,Bando,357234,Aksesoris
PR00603,603,Penghapus,208769,Alat Tulis
PR00604,604,Krayon,99869,Alat Tulis
PR00605,605,Lemari,135192,Perabotan Rumah Tangga
PR00606,606,Cutter,293072,Alat Tulis
PR00607,607,Kalung,333563,Aksesoris
PR00608,608,Lem,433174,Alat Tulis
PR00609,609,Pensil,63492,Alat Tulis
PR00610,610,Gelang,429782,Aksesoris
PR00611,611,Hoodie,484476,Pakaian Pria
PR00612,612,Kaos,244622,Pakaian Pria
PR00613,613,Pensil,495387,Alat Tulis
PR00614,614,Jas,372040,Pakaian Pria
PR00615,615,Penghapus,318139,Alat Tulis
PR00616,616,Anting,236803,Aksesoris
PR00617,617,Tipe-X,470682,Alat Tulis
PR00618,618,Bando,272620,Aksesoris
PR00619,619,Krayon,134104,Alat Tulis
PR00620,620,Pensil warna,357878,Alat Tulis
PR00621,621,Penggaris,323180,Alat Tulis
PR00622,622,Kalung,80577,Aksesoris
PR00623,623,Oppo,415953,Elektronik
PR00624,624,Anting,103685,Aksesoris
PR00625,625,Lem,397709,Alat Tulis
PR00626,626,Pensil,421493,Alat Tulis
PR00627,627,Anting,469164,Aksesoris
PR00628,628,Kalung,438964,Aksesoris
PR00629,629,Bando,228710,Aksesoris
PR00630,630,Scrunchie,476444,Aksesoris
PR00631,631,Scrunchie,59178,Aksesoris
PR00632,632,Cutter,51890,Alat Tulis
PR00633,633,Anting,380708,Aksesoris
PR00634,634,Pensil warna,470082,Alat Tulis
PR00635,635,Anting,83302,Aksesoris
PR00636,636,Bando,316291,Aksesoris
PR00637,637,Penghapus,38823,Alat Tulis
PR00638,638,Anting,283374,Aksesoris
PR00639,639,Stapler,418445,Alat Tulis
PR00640,640,Bando,245378,Aksesoris
PR00641,641,Tipe-X,51221,Alat Tulis
PR00642,642,Cincin,325756,Aksesoris
PR00643,643,Lem,270966,Alat Tulis
PR00644,644,T-shirt,14512,Pakaian Pria
PR00645,645,Lem,454488,Alat Tulis
PR00646,646,Piyama,119695,Pakaian Pria
PR00647,647,Pensil warna,272839,Alat Tulis
PR00648,648,Pulpen,384361,Alat Tulis
PR00649,649,Lem,218275,Alat Tulis
PR00650,650,Tipe-X,468644,Alat Tulis
PR00651,651,Kemeja,163227,Pakaian Pria
PR00652,652,Stapler,255470,Alat Tulis
PR00653,653,Penggaris,450012,Alat Tulis
PR00654,654,Tipe-X,304554,Alat Tulis
PR00655,655,Penggaris,345255,Alat Tulis
PR00656,656,Stapler,277244,Alat Tulis
PR00657,657,Cincin,96196,Aksesoris
PR00658,658,Lem,67361,Alat Tulis
PR00659,659,Jas,270748,Pakaian Pria
PR00660,660,Penghapus,457168,Alat Tulis
PR00661,661,Tipe-X,255745,Alat Tulis
PR00662,662,Pensil,114068,Alat Tulis
PR00663,663,Gelang,195573,Aksesoris
PR00664,664,Penghapus,30547,Alat Tulis
PR00665,665,Ular Tangga,37292,Mainan
PR00666,666,Anting,359138,Aksesoris
PR00667,667,Gelang,164688,Aksesoris
PR00668,668,Crop Top,299540,Pakaian Wanita
PR00669,669,Jas,53050,Pakaian Pria
PR00670,670,Tipe-X,151572,Alat Tulis
PR00671,671,T-shirt,431273,Pakaian Pria
PR00672,672,Cincin,42017,Aksesoris
PR00673,673,Bando,270580,Aksesoris
PR00674,674,Jas,408413,Pakaian Pria
PR00675,675,Cutter,472452,Alat Tulis
PR00676,676,Lem,271676,Alat Tulis
PR00677,677,Penggaris,282511,Alat Tulis
PR00678,678,Stapler,142294,Alat Tulis
PR00679,679,Penggaris,33034,Alat Tulis
PR00680,680,Kalung,40522,Aksesoris
PR00681,681,Kaos,346362,Pakaian Wanita
PR00682,682,Pensil warna,490345,Alat Tulis
PR00683,683,Lem,475608,Alat Tulis
PR00684,684,Cutter,434396,Alat Tulis
PR00685,685,Scrunchie,66133,Aksesoris
PR00686,686,Penghapus,65442,Alat Tulis
PR00687,687,Lem,424193,Alat Tulis
PR00688,688,Penghapus,173879,Alat Tulis
PR00689,689,T-shirt,476179,Pakaian Wanita
PR00690,690,Hoodie,440589,Pakaian Pria
PR00691,691,Pensil,463522,Alat Tulis
PR00692,692,Pensil,332321,Alat Tulis
PR00693,693,Penghapus,206529,Alat Tulis
PR00694,694,Pulpen,416351,Alat Tulis
PR00695,695,Tipe-X,142919,Alat Tulis
PR00696,696,Lem,276145,Alat Tulis
PR00697,697,Stapler,85575,Alat Tulis
PR00698,698,Pulpen,393603,Alat Tulis
PR00699,699,Stapler,405742,Alat Tulis
PR00700,700,Penggaris,266006,Alat Tulis
PR00701,701,Kue Kering,41630,Makanan dan Minuman
PR00702,702,Dress,453921,Pakaian Wanita
PR00703,703,Scrunchie,475409,Aksesoris
PR00704,704,Bando,78717,Aksesoris
PR00705,705,Piyama,347830,Pakaian Pria
PR00706,706,Anting,418998,Aksesoris
PR00707,707,Pensil warna,47481,Alat Tulis
PR00708,708,Gelang,436366,Aksesoris
PR00709,709,Lem,26034,Alat Tulis
PR00710,710,Pulpen,449946,Alat Tulis
PR00711,711,Piyama,53061,Pakaian Pria
PR00712,712,Cincin,307695,Aksesoris
PR00713,713,Penghapus,89562,Alat Tulis
PR00714,714,Pulpen,302491,Alat Tulis
PR00715,715,Crop Top,303639,Pakaian Wanita
PR00716,716,Scrunchie,199659,Aksesoris
PR00717,717,Krayon,282620,Alat Tulis
PR00718,718,Penggaris,340630,Alat Tulis
PR00719,719,Pensil,173305,Alat Tulis
PR00720,720,Macbook,464641,Elektronik
PR00721,721,Rumput Lau,283219,Makanan dan Minuman
PR00722,722,Pensil,370967,Alat Tulis
PR00723,723,Penggaris,150937,Alat Tulis
PR00724,724,Cutter,409570,Alat Tulis
PR00725,725,Lem,199773,Alat Tulis
PR00726,726,Cutter,154998,Alat Tulis
PR00727,727,Cincin,146087,Aksesoris
PR00728,728,Gelang,199847,Aksesoris
PR00729,729,Kemeja,84548,Pakaian Pria
PR00730,730,T-shirt,285993,Pakaian Wanita
PR00731,731,Krayon,389673,Alat Tulis
PR00732,732,Pulpen,324314,Alat Tulis
PR00733,733,Anting,237259,Aksesoris
PR00734,734,Penghapus,324411,Alat Tulis
PR00735,735,Anting,102312,Aksesoris
PR00736,736,Kemeja,155596,Pakaian Pria
PR00737,737,Scrunchie,186778,Aksesoris
PR00738,738,Lem,462667,Alat Tulis
PR00739,739,Kulkas,161994,Elektronik
PR00740,740,Anting,445458,Aksesoris
PR00741,741,Penghapus,290532,Alat Tulis
PR00742,742,Pensil warna,218155,Alat Tulis
PR00743,743,Gelang,443586,Aksesoris
PR00744,744,Tipe-X,342443,Alat Tulis
PR00745,745,Komputer,79533,Elektronik
PR00746,746,Cincin,490018,Aksesoris
PR00747,747,Cutter,312540,Alat Tulis
PR00748,748,Anting,61893,Aksesoris
PR00749,749,Anting,255178,Aksesoris
PR00750,750,Lem,294682,Alat Tulis
PR00751,751,Scrunchie,228119,Aksesoris
PR00752,752,Hoodie,345590,Pakaian Pria
PR00753,753,Scrunchie,410838,Aksesoris
PR00754,754,Pulpen,344936,Alat Tulis
PR00755,755,Cutter,429759,Alat Tulis
PR00756,756,Penghapus,396642,Alat Tulis
PR00757,757,Penggaris,100235,Alat Tulis
PR00758,758,Penggaris,481367,Alat Tulis
PR00759,759,Penggaris,467037,Alat Tulis
PR00760,760,Kalung,326210,Aksesoris
PR00761,761,Anting,235055,Aksesoris
PR00762,762,Gelang,234725,Aksesoris
PR00763,763,Pulpen,442978,Alat Tulis
PR00764,764,Bando,367561,Aksesoris
PR00765,765,Jas,212579,Pakaian Pria
PR00766,766,Penghapus,322273,Alat Tulis
PR00767,767,T-shirt,129447,Pakaian Pria
PR00768,768,Pensil warna,322406,Alat Tulis
PR00769,769,Kopi,304853,Makanan dan Minuman
PR00770,770,T-shirt,475602,Pakaian Pria
PR00771,771,Tipe-X,110614,Alat Tulis
PR00772,772,Scrunchie,248368,Aksesoris
PR00773,773,Kalung,286189,Aksesoris
PR00774,774,Lem,386683,Alat Tulis
PR00775,775,Gelang,371872,Aksesoris
PR00776,776,Pensil warna,247114,Alat Tulis
PR00777,777,Tipe-X,95020,Alat Tulis
PR00778,778,Bando,371934,Aksesoris
PR00779,779,Stapler,436375,Alat Tulis
PR00780,780,Stapler,161573,Alat Tulis
PR00781,781,Piyama,382573,Pakaian Pria
PR00782,782,Pensil,60248,Alat Tulis
PR00783,783,Bando,334912,Aksesoris
PR00784,784,Kalung,21923,Aksesoris
PR00785,785,Penghapus,389426,Alat Tulis
PR00786,786,Piyama,442897,Pakaian Pria
PR00787,787,Lem,446031,Alat Tulis
PR00788,788,Anting,163375,Aksesoris
PR00789,789,Penghapus,14334,Alat Tulis
PR00790,790,Kalung,203183,Aksesoris
PR00791,791,T-shirt,355454,Pakaian Wanita
PR00792,792,Cutter,70334,Alat Tulis
PR00793,793,Scrunchie,480514,Aksesoris
PR00794,794,Gelang,199864,Aksesoris
PR00795,795,Pensil,474195,Alat Tulis
PR00796,796,Penghapus,432564,Alat Tulis
PR00797,797,Krayon,472212,Alat Tulis
PR00798,798,Anting,156297,Aksesoris
PR00799,799,Penghapus,349568,Alat Tulis
PR00800,800,Pasta,307685,Makanan dan Minuman
PR00801,801,Pensil warna,108092,Alat Tulis
PR00802,802,Penggaris,57094,Alat Tulis
PR00803,803,Pulpen,491688,Alat Tulis
PR00804,804,Cincin,168901,Aksesoris
PR00805,805,Boneka,33791,Mainan
PR00806,806,Piyama,344881,Pakaian Pria
PR00807,807,Jaket,481490,Pakaian Wanita
PR00808,808,Rumput Lau,80432,Makanan dan Minuman
PR00809,809,Kalung,56304,Aksesoris
PR00810,810,Krayon,275112,Alat Tulis
PR00811,811,Scrunchie,439105,Aksesoris
PR00812,812,Cutter,345602,Alat Tulis
PR00813,813,Cincin,238459,Aksesoris
PR00814,814,Penghapus,235743,Alat Tulis
PR00815,815,Lem,389015,Alat Tulis
PR00816,816,Piyama,397509,Pakaian Pria
PR00817,817,Anting,217819,Aksesoris
PR00818,818,Gelang,74247,Aksesoris
PR00819,819,Kaos,185068,Pakaian Pria
PR00820,820,Pensil warna,354353,Alat Tulis
PR00821,821,iPad,349480,Elektronik
PR00822,822,Kemeja,185490,Pakaian Pria
PR00823,823,Krayon,382666,Alat Tulis
PR00824,824,Cincin,316096,Aksesoris
PR00825,825,Boneka,452716,Mainan
PR00826,826,Samsung,103184,Elektronik
PR00827,827,Tipe-X,495541,Alat Tulis
PR00828,828,Tipe-X,57074,Alat Tulis
PR00829,829,Hoodie,456543,Pakaian Wanita
PR00830,830,Penggaris,222590,Alat Tulis
PR00831,831,Pensil,316820,Alat Tulis
PR00832,832,Tipe-X,487363,Alat Tulis
PR00833,833,Penggaris,63690,Alat Tulis
PR00834,834,T-shirt,205343,Pakaian Pria
PR00835,835,Stapler,447517,Alat Tulis
PR00836,836,Penghapus,428272,Alat Tulis
PR00837,837,Pensil,14057,Alat Tulis
PR00838,838,Kaos,330298,Pakaian Wanita
PR00839,839,Pensil,172392,Alat Tulis
PR00840,840,Hoodie,93561,Pakaian Pria
PR00841,841,Scrunchie,329731,Aksesoris
PR00842,842,Pensil,183454,Alat Tulis
PR00843,843,Cutter,252475,Alat Tulis
PR00844,844,Tipe-X,302887,Alat Tulis
PR00845,845,Kardigan,33680,Pakaian Wanita
PR00846,846,Penggaris,117772,Alat Tulis
PR00847,847,Gelang,231671,Aksesoris
PR00848,848,T-shirt,108699,Pakaian Pria
PR00849,849,Penggaris,20224,Alat Tulis
PR00850,850,Aqua,80970,Makanan dan Minuman
PR00851,851,Pensil,453099,Alat Tulis
PR00852,852,Pulpen,334410,Alat Tulis
PR00853,853,Krayon,37519,Alat Tulis
PR00854,854,Bando,247568,Aksesoris
PR00855,855,Kemeja,474179,Pakaian Pria
PR00856,856,Bando,492354,Aksesoris
PR00857,857,Stapler,159564,Alat Tulis
PR00858,858,Scrunchie,158569,Aksesoris
PR00859,859,Krayon,42301,Alat Tulis
PR00860,860,AC,88724,Elektronik
PR00861,861,Scrunchie,304734,Aksesoris
PR00862,862,Kemeja,26818,Pakaian Pria
PR00863,863,Kalung,445116,Aksesoris
PR00864,864,Pensil,365063,Alat Tulis
PR00865,865,Piyama,239575,Pakaian Pria
PR00866,866,Pensil warna,32845,Alat Tulis
PR00867,867,Kaos,162742,Pakaian Wanita
PR00868,868,Pulpen,346782,Alat Tulis
PR00869,869,Pensil warna,356796,Alat Tulis
PR00870,870,Jaket,26435,Pakaian Pria
PR00871,871,Stapler,70029,Alat Tulis
PR00872,872,Cincin,273373,Aksesoris
PR00873,873,Anting,95731,Aksesoris
PR00874,874,Pensil,463263,Alat Tulis
PR00875,875,Stapler,140765,Alat Tulis
PR00876,876,Anting,452684,Aksesoris
PR00877,877,Tipe-X,282349,Alat Tulis
PR00878,878,Cutter,278061,Alat Tulis
PR00879,879,Gelang,364749,Aksesoris
PR00880,880,Lem,395973,Alat Tulis
PR00881,881,Jas,69922,Pakaian Pria
PR00882,882,Stapler,255977,Alat Tulis
PR00883,883,Penghapus,75087,Alat Tulis
PR00884,884,Bando,37031,Aksesoris
PR00885,885,Bando,249682,Aksesoris
PR00886,886,Pensil,170346,Alat Tulis
PR00887,887,Penghapus,426515,Alat Tulis
PR00888,888,Stapler,179328,Alat Tulis
PR00889,889,Yoyo,302281,Mainan
PR00890,890,Anting,161679,Aksesoris
PR00891,891,Cutter,445724,Alat Tulis
PR00892,892,Cutter,115046,Alat Tulis
PR00893,893,Pulpen,172750,Alat Tulis
PR00894,894,Kaos,17250,Pakaian Pria
PR00895,895,T-shirt,230428,Pakaian Wanita
PR00896,896,Krayon,101489,Alat Tulis
PR00897,897,Laptop,107768,Elektronik
PR00898,898,Cutter,201038,Alat Tulis
PR00899,899,Penghapus,491666,Alat Tulis
PR00900,900,Pensil warna,131832,Alat Tulis
PR00901,901,Stapler,24890,Alat Tulis
PR00902,902,Pensil warna,352472,Alat Tulis
PR00903,903,Krayon,41744,Alat Tulis
PR00904,904,Kemeja,457813,Pakaian Pria
PR00905,905,Bando,163427,Aksesoris
PR00906,906,Gelang,384418,Aksesoris
PR00907,907,Stapler,264908,Alat Tulis
PR00908,908,Kardigan,245207,Pakaian Wanita
PR00909,909,Jaket,388688,Pakaian Wanita
PR00910,910,Cincin,342884,Aksesoris
PR00911,911,Bando,131819,Aksesoris
PR00912,912,Cutter,440428,Alat Tulis
PR00913,913,Pensil,110433,Alat Tulis
PR00914,914,Kaos,32093,Pakaian Pria
PR00915,915,Hoodie,482060,Pakaian Pria
PR00916,916,Cutter,286198,Alat Tulis
PR00917,917,Pensil,90024,Alat Tulis
PR00918,918,Kalung,454871,Aksesoris
PR00919,919,Kaos,490950,Pakaian Pria
PR00920,920,Scrunchie,463230,Aksesoris
PR00921,921,Crop Top,403177,Pakaian Wanita
PR00922,922,Tipe-X,349240,Alat Tulis
PR00923,923,Penggaris,59393,Alat Tulis
PR00924,924,Hoodie,425506,Pakaian Pria
PR00925,925,Stapler,338662,Alat Tulis
PR00926,926,Penghapus,53975,Alat Tulis
PR00927,927,Gelang,168080,Aksesoris
PR00928,928,Penghapus,480010,Alat Tulis
PR00929,929,Cookie,183550,Makanan dan Minuman
PR00930,930,Pensil warna,20826,Alat Tulis
PR00931,931,Hoodie,498450,Pakaian Wanita
PR00932,932,Cutter,205234,Alat Tulis
PR00933,933,Penghapus,98414,Alat Tulis
PR00934,934,Penggaris,196385,Alat Tulis
PR00935,935,Bando,302082,Aksesoris
PR00936,936,Penggaris,303678,Alat Tulis
PR00937,937,Pulpen,299624,Alat Tulis
PR00938,938,Krayon,383316,Alat Tulis
PR00939,939,Kaos,36335,Pakaian Pria
PR00940,940,Kemeja,147637,Pakaian Pria
PR00941,941,Scrunchie,399412,Aksesoris
PR00942,942,Pensil,56538,Alat Tulis
PR00943,943,Pensil,285707,Alat Tulis
PR00944,944,Pensil warna,311809,Alat Tulis
PR00945,945,Pensil,300433,Alat Tulis
PR00946,946,Laptop,380203,Elektronik
PR00947,947,Scrunchie,355608,Aksesoris
PR00948,948,Tipe-X,146881,Alat Tulis
PR00949,949,Pensil,499362,Alat Tulis
PR00950,950,Anting,286457,Aksesoris
PR00951,951,Pensil,252759,Alat Tulis
PR00952,952,Pensil,493545,Alat Tulis
PR00953,953,Jaket,365211,Pakaian Wanita
PR00954,954,Pensil warna,456162,Alat Tulis
PR00955,955,Stapler,81277,Alat Tulis
PR00956,956,Earphone,479141,Elektronik
PR00957,957,Kardigan,271446,Pakaian Wanita
PR00958,958,Anting,339624,Aksesoris
PR00959,959,Cincin,436911,Aksesoris
PR00960,960,Jaket,376688,Pakaian Pria
PR00961,961,Kaos,292720,Pakaian Pria
PR00962,962,Pensil,180082,Alat Tulis
PR00963,963,Cutter,87112,Alat Tulis
PR00964,964,Cincin,209765,Aksesoris
PR00965,965,Anting,222754,Aksesoris
PR00966,966,Penggaris,58375,Alat Tulis
PR00967,967,Penggaris,182747,Alat Tulis
PR00968,968,Stapler,437920,Alat Tulis
PR00969,969,Kopi,442838,Makanan dan Minuman
PR00970,970,Cutter,306904,Alat Tulis
PR00971,971,Gelang,438234,Aksesoris
PR00972,972,Jaket,424522,Pakaian Pria
PR00973,973,Stapler,435322,Alat Tulis
PR00974,974,Bando,125552,Aksesoris
PR00975,975,Kardigan,191591,Pakaian Wanita
PR00976,976,Jaket,420374,Pakaian Wanita
PR00977,977,Pensil,396363,Alat Tulis
PR00978,978,Scrunchie,21155,Aksesoris
PR00979,979,Kemeja,393220,Pakaian Pria
PR00980,980,Hoodie,278449,Pakaian Wanita
PR00981,981,Cincin,170726,Aksesoris
PR00982,982,Jas,48061,Pakaian Pria
PR00983,983,Stapler,338488,Alat Tulis
PR00984,984,Tempat tidur,55452,Perabotan Rumah Tangga
PR00985,985,Tipe-X,66184,Alat Tulis
PR00986,986,Krayon,98588,Alat Tulis
PR00987,987,Tipe-X,263125,Alat Tulis
PR00988,988,Gelang,491314,Aksesoris
PR00989,989,Cutter,343073,Alat Tulis
PR00990,990,Gelang,122639,Aksesoris
PR00991,991,Penghapus,33399,Alat Tulis
PR00992,992,Pulpen,84576,Alat Tulis
PR00993,993,Cutter,214738,Alat Tulis
PR00994,994,Cincin,347847,Aksesoris
PR00995,995,Gasing,29175,Mainan
PR00996,996,Kemeja,444591,Pakaian Pria
PR00997,997,Scrunchie,68918,Aksesoris
PR00998,998,Bando,183145,Aksesoris
PR00999,999,Smart Watch,309273,Elektronik
PR01000,1000,Pensil,367592,Alat Tulis
